frame_start,frame_end,joint,diff_angle_rad,axis_x,axis_y,axis_z
0,1,13,0.020132437,0.186451122,-0.924297750,-0.333760381
0,1,16,0.026475666,0.337102294,0.098944902,0.936439216
0,1,18,0.016399318,-0.701761067,-0.264031053,-0.662684143
0,1,20,0.040294979,-0.835197031,0.052075267,-0.547488689
0,1,14,0.017235760,-0.255645841,0.931971431,0.256617159
0,1,17,0.037116330,-0.276285946,0.670408607,-0.688672185
0,1,19,0.027742160,-0.855500400,-0.495515674,-0.151183575
0,1,21,0.041633707,-0.756804526,-0.322688162,0.568425059
1,2,13,0.014033337,0.224208012,-0.974287331,0.011992448
1,2,16,0.016801465,0.518330932,0.009092490,0.855008900
1,2,18,0.013741479,-0.299939245,-0.194793612,-0.934758484
1,2,20,0.040217984,-0.823110402,-0.045539424,-0.566072702
1,2,14,0.013264748,-0.532923877,0.837019444,0.123342395
1,2,17,0.030469984,-0.257335335,0.851718724,-0.456497580
1,2,19,0.023109816,-0.810955167,-0.532768548,-0.241958886
1,2,21,0.043019488,-0.752622426,-0.305318326,0.583558857
2,3,13,0.013138329,0.300429285,-0.808420002,0.509164870
2,3,16,0.012236312,0.857586622,-0.056342453,0.512624979
2,3,18,0.016928699,0.152739525,-0.318035781,-0.936024666
2,3,20,0.040442642,-0.803428531,0.001780323,-0.595401824
2,3,14,0.009593214,-0.884276807,0.464250386,-0.045973133
2,3,17,0.022871293,-0.241699398,0.949959517,-0.198934361
2,3,19,0.014583221,-0.914774477,-0.295440406,-0.276017398
2,3,21,0.038460296,-0.781019330,-0.325620651,0.533068955
3,4,13,0.011070115,0.112354666,-0.861913383,0.497241944
3,4,16,0.020096878,0.790772378,-0.130335942,0.598747790
3,4,18,0.025240105,0.218519121,-0.414672315,-0.883500874
3,4,20,0.041398235,-0.651415050,0.056262776,-0.756654024
3,4,14,0.012138498,-0.837881625,0.094588883,0.538883150
3,4,17,0.018178295,0.013746797,0.749285996,-0.662131667
3,4,19,0.016644638,-0.985878229,0.165412098,-0.024443608
3,4,21,0.040009946,-0.746662259,-0.232189775,0.623575985
4,5,13,0.012294627,-0.385081559,-0.637520194,0.669302225
4,5,16,0.029337799,0.888168633,-0.240285903,0.392268687
4,5,18,0.033503745,0.377747923,-0.561951637,-0.735811114
4,5,20,0.037436150,-0.355716527,-0.025275024,-0.934318602
4,5,14,0.021462271,-0.703910112,-0.222402751,0.674875915
4,5,17,0.023599837,0.243024960,0.192857683,-0.950526357
4,5,19,0.015655527,-0.731599689,0.456352949,0.507663071
4,5,21,0.036192644,-0.829144776,-0.154823184,0.537104666
5,6,13,0.013192656,-0.273921102,-0.391533345,0.879447162
5,6,16,0.030912792,0.878506839,-0.324599236,0.350681752
5,6,18,0.044917513,0.417830884,-0.663480163,-0.620817184
5,6,20,0.030989826,-0.643531501,-0.138976514,-0.752712786
5,6,14,0.019036779,-0.588192403,-0.293862104,0.753908455
5,6,17,0.028320549,0.146574870,-0.165723473,-0.975165009
5,6,19,0.016179772,-0.820379019,0.155613959,0.552320182
5,6,21,0.035474021,-0.799527287,-0.109286100,0.590690136
6,7,13,0.019519117,-0.122708566,-0.247851387,0.960936427
6,7,16,0.031020585,0.851758361,-0.431603372,0.296761543
6,7,18,0.049743697,0.354469657,-0.612739921,-0.706455052
6,7,20,0.027125100,-0.861043394,-0.296406746,-0.413037688
6,7,14,0.014745804,-0.489389420,-0.549337387,0.678117514
6,7,17,0.024744025,0.073123224,-0.380701512,-0.921846986
6,7,19,0.020484637,-0.895650923,-0.252682656,0.365910709
6,7,21,0.033942100,-0.888334632,-0.066886514,0.454353333
7,8,13,0.021617237,-0.111323066,-0.177202329,0.978059471
7,8,16,0.034945831,0.527470410,-0.414893627,0.741454840
7,8,18,0.066992044,0.496491164,-0.507716358,-0.704082131
7,8,20,0.047013212,-0.990256965,-0.134259611,0.037941076
7,8,14,0.011091632,-0.780982375,0.154032558,-0.607839763
7,8,17,0.022161843,0.300429106,-0.784986675,-0.541792452
7,8,19,0.042439152,-0.955318928,-0.277796477,-0.102253892
7,8,21,0.030889643,-0.778027534,-0.166531056,0.605917335
8,9,13,0.022269167,0.026883790,-0.207035765,0.978280485
8,9,16,0.025689526,0.690785766,-0.443879455,0.571095824
8,9,18,0.051412586,0.344630420,-0.454783708,-0.821205020
8,9,20,0.036126703,-0.904143870,-0.247780144,-0.348069310
8,9,14,0.005567265,0.558337569,-0.839325726,-0.075144663
8,9,17,0.018606082,-0.250946939,-0.513814330,-0.820452988
8,9,19,0.034485668,-0.708434403,-0.687558830,0.160019159
8,9,21,0.035547879,-0.834111273,-0.109742828,0.540591240
9,10,13,0.029043756,0.215839177,-0.188447669,0.957980216
9,10,16,0.020037470,0.634384334,-0.684967220,0.359625518
9,10,18,0.044087037,0.370210350,-0.278756768,-0.886173964
9,10,20,0.034713078,-0.956247628,-0.171890512,-0.237085804
9,10,14,0.011304543,0.612386167,-0.401412576,-0.682711244
9,10,17,0.013741479,-0.374642223,-0.925133824,-0.072880022
9,10,19,0.027535124,-0.576762795,-0.816530764,0.021749558
9,10,21,0.045039438,-0.738898635,-0.115392111,0.663967013
10,11,13,0.024974208,0.138851017,-0.299570829,0.944027841
10,11,16,0.019198906,0.701200902,-0.574950516,0.422128648
10,11,18,0.037090626,0.273019373,-0.217943937,-0.936986089
10,11,20,0.028210891,-0.982565761,-0.126709536,-0.136976302
10,11,14,0.009082564,0.702462971,-0.351570994,-0.618511260
10,11,17,0.015347922,-0.002299561,-0.997551560,0.066773199
10,11,19,0.014599560,-0.602690399,-0.788879275,0.125746399
10,11,21,0.040123016,-0.734907508,-0.108459197,0.669567049
11,12,13,0.018733785,0.088416629,-0.406070769,0.910019398
11,12,16,0.017455684,0.453794926,-0.584221363,0.673068643
11,12,18,0.033339664,0.190507039,-0.125981390,-0.973574758
11,12,20,0.021001868,-0.992600977,-0.113049299,0.046897806
11,12,14,0.007437283,0.779237747,-0.381511003,-0.498730421
11,12,17,0.015425399,0.235574722,-0.966115952,-0.108449899
11,12,19,0.007993514,-0.269540459,0.055693459,0.962186337
11,12,21,0.025484525,-0.742349029,-0.036860917,0.669531405
12,13,13,0.013461011,0.028240260,-0.627983153,0.778167903
12,13,16,0.015002273,0.384989083,-0.265607536,0.883608878
12,13,18,0.024916861,0.226808414,-0.257892758,-0.939683259
12,13,20,0.022503475,-0.926399231,-0.000460708,0.377219319
12,13,14,0.005213419,0.896744967,0.380542338,-0.237910762
12,13,17,0.014067275,0.289358377,-0.862511992,-0.418087453
12,13,19,0.009982944,0.123052038,0.406055540,0.907216609
12,13,21,0.021978192,-0.648130000,-0.113060571,0.753853083
13,14,13,0.010265537,-0.006239769,-0.723006904,0.690347850
13,14,16,0.012177718,0.090311624,-0.286507070,0.954898357
13,14,18,0.014269209,-0.267778933,-0.057757854,-0.962474108
13,14,20,0.017482979,-0.682719409,-0.047764812,0.729256630
13,14,14,0.004580485,0.546012104,0.596623361,-0.592609942
13,14,17,0.006730496,0.571203530,-0.596497238,-0.561661839
13,14,19,0.011198593,0.183700949,0.501555860,0.845028996
13,14,21,0.015640290,-0.846165240,0.030056464,0.534704924
14,15,13,0.013354316,0.087145455,-0.957886159,0.273550689
14,15,16,0.010540556,-0.090905488,0.378322303,0.922755003
14,15,18,0.014810338,-0.624235213,0.566414297,-0.538783193
14,15,20,0.018657267,-0.753886461,-0.067919381,0.654579818
14,15,14,0.013065539,0.276206046,0.556641340,-0.783723354
14,15,17,0.006550984,0.084998690,0.125672206,0.987064421
14,15,19,0.008652372,0.350104719,0.755585492,0.557659924
14,15,21,0.015746638,-0.699056745,0.468641579,-0.540906072
15,16,13,0.015034024,0.615057170,-0.749297917,0.248274893
15,16,16,0.012487044,-0.406725168,0.611811101,0.679566979
15,16,18,0.017373538,-0.656560421,0.659656942,-0.367474556
15,16,20,0.021373216,-0.636353970,-0.093935102,0.765924215
15,16,14,0.013793432,0.352599591,0.502814293,-0.790435135
15,16,17,0.017713297,-0.178771883,0.611097276,0.771807194
15,16,19,0.003588120,0.473502904,0.828747749,0.327032328
15,16,21,0.026140340,-0.285398066,0.397478908,-0.872280657
16,17,13,0.014826427,0.497718364,-0.866254151,0.038396660
16,17,16,0.012197280,-0.285678178,0.630367756,0.721684515
16,17,18,0.021283787,-0.696963072,0.716531336,0.037047621
16,17,20,0.008624773,-0.920744419,-0.141547158,0.366511136
16,17,14,0.014648470,0.141237646,0.424223393,-0.894995093
16,17,17,0.016900508,-0.119391784,0.657776892,0.744046926
16,17,19,0.006974055,0.919605374,0.393612266,0.081948578
16,17,21,0.014151765,-0.567448795,0.254672259,-0.783995569
17,18,13,0.008679884,0.606067002,-0.602981985,0.518278122
17,18,16,0.007720409,-0.228685945,0.301692873,0.927230299
17,18,18,0.020933641,-0.736858606,0.673440576,0.064506188
17,18,20,0.019810103,-0.801242828,-0.232486993,0.551534891
17,18,14,0.011388593,-0.429680675,0.090227880,-0.898436308
17,18,17,0.021716274,0.053108905,0.871257246,0.489269078
17,18,19,0.005167484,0.652966917,0.293161184,0.706058383
17,18,21,0.013156462,-0.955806792,-0.113788299,-0.272817165
18,19,13,0.009290192,0.607038796,-0.577340007,0.550410926
18,19,16,0.008257591,-0.345516384,0.476413101,0.810917616
18,19,18,0.018822663,-0.850695133,0.487762600,0.199185714
18,19,20,0.019954005,-0.173291326,-0.270295471,0.947233737
18,19,14,0.011759386,-0.588663518,0.035306543,-0.807768583
18,19,17,0.018230682,0.054726187,0.889952660,0.454667747
18,19,19,0.015301248,0.382245362,0.531514645,0.756757379
18,19,21,0.008082499,-0.430080235,-0.766683161,0.479483187
19,20,13,0.005777424,0.088502876,-0.718403339,0.700705767
19,20,16,0.004256738,-0.892415643,-0.137021139,0.465770125
19,20,18,0.017900746,-0.672784209,0.646150887,0.361291885
19,20,20,0.033411101,0.255102187,0.029145733,0.966619492
19,20,14,0.011283433,-0.545868993,-0.055522695,-0.836466551
19,20,17,0.013896756,0.387410969,0.804691792,0.449299663
19,20,19,0.029829426,0.473652065,0.641031563,0.604438126
19,20,21,0.009692116,-0.887300611,-0.142858624,-0.437639177
20,21,13,0.008141281,0.251010865,-0.378140420,0.890272856
20,21,16,0.009056276,-0.885221303,0.240517914,-0.400918782
20,21,18,0.029475635,-0.774456680,0.578357399,0.256382734
20,21,20,0.043356266,-0.435365468,0.488115817,0.756432116
20,21,14,0.014369112,-0.076814599,0.130903333,-0.988600850
20,21,17,0.014986373,0.253009021,0.666845500,0.701695085
20,21,19,0.030360237,0.495259762,0.732902884,0.466919601
20,21,21,0.015378959,-0.832282007,-0.375547677,-0.410419136
21,22,13,0.008170513,0.103463002,0.136421487,0.986805677
21,22,16,0.009468134,-0.891265810,-0.028188303,-0.453967720
21,22,18,0.028555304,-0.698491454,0.660108984,0.276536405
21,22,20,0.025324978,-0.209088683,0.469239950,0.858195424
21,22,14,0.009642791,-0.307746500,0.066718310,-0.950221956
21,22,17,0.014385695,0.456205666,0.817692399,0.351641864
21,22,19,0.030889643,0.619470000,0.604839325,0.501005828
21,22,21,0.012333350,-0.052491866,-0.306540281,-0.950803339
22,23,13,0.006253053,0.086887456,0.376733959,0.923642218
22,23,16,0.008624773,-0.925101817,0.307638228,-0.223357856
22,23,18,0.010030596,-0.632388949,0.710119247,0.311919719
22,23,20,0.011091632,-0.752801418,0.650007665,0.113672972
22,23,14,0.011900464,-0.218651935,-0.078926787,-0.973193407
22,23,17,0.015065708,0.261969566,0.787097037,0.558027267
22,23,19,0.028278423,0.691308379,0.592207730,0.413940132
22,23,21,0.012000219,-0.148985147,-0.489294380,-0.859128773
23,24,13,0.010940129,-0.027534241,0.401879698,0.915226221
23,24,16,0.008315136,-0.672705293,-0.141893744,-0.729137480
23,24,18,0.009290192,-0.633431911,0.027248211,-0.773590684
23,24,20,0.028438170,-0.925517797,0.378681332,-0.016064193
23,24,14,0.013514042,-0.124332443,-0.203290299,-0.972670615
23,24,17,0.015191784,0.073304743,0.711761534,0.699289262
23,24,19,0.009982944,0.070794046,0.783322930,0.617263734
23,24,21,0.029693233,-0.641515851,-0.613033354,-0.460970849
24,25,13,0.012544193,0.315966815,0.217221260,0.924274385
24,25,16,0.005121138,-0.191618726,0.384654492,-0.913615167
24,25,18,0.017068956,-0.267289162,-0.377234429,-0.887050569
24,25,20,0.039692841,-0.994843245,-0.057283472,-0.084075302
24,25,14,0.012138498,0.000564695,-0.095638745,-0.997164786
24,25,17,0.014067275,0.118176796,0.609125316,0.785058320
24,25,19,0.003311685,0.290209711,0.388119012,0.878622353
24,25,21,0.020262288,-0.247789085,-0.376220435,-0.892844439
25,26,13,0.012448798,0.284088820,0.078004219,0.955626190
25,26,16,0.003966816,-0.503738642,-0.031418882,-0.863251030
25,26,18,0.013636979,-0.065518022,0.054447290,-0.997254729
25,26,20,0.025754411,-0.986795604,-0.116247676,-0.112481229
25,26,14,0.008950351,0.127147600,-0.249669939,-0.963016808
25,26,17,0.006800974,0.183920383,0.297830224,0.936932445
25,26,19,0.008976949,0.110688150,0.806371510,0.585850835
25,26,21,0.012118841,-0.584615231,-0.181529641,-0.790464163
26,27,13,0.007469271,0.524258137,-0.474143922,0.708722949
26,27,16,0.008111943,-0.368050605,0.912727356,0.185561046
26,27,18,0.008816155,-0.170124948,0.396105915,-0.901735067
26,27,20,0.016297232,-0.899946094,-0.127902716,-0.418950260
26,27,14,0.008652372,0.053911526,-0.336206198,-0.940817356
26,27,17,0.008170513,0.089843683,-0.077144973,0.995313942
26,27,19,0.020762097,0.291365385,0.918765306,0.268446207
26,27,21,0.014202217,-0.741834044,-0.041796569,-0.669706166
27,28,13,0.005393244,0.481365055,0.297015607,0.833705723
27,28,16,0.006291066,-0.678251445,0.727601588,-0.102002397
27,28,18,0.008896915,-0.902877867,0.411442637,-0.131215990
27,28,20,0.014084213,-0.994627178,0.105642043,-0.031761892
27,28,14,0.005777424,-0.594237149,-0.804099560,-0.073001198
27,28,17,0.005736008,0.197529808,0.707409382,0.677326679
27,28,19,0.021999877,0.305201948,0.920460582,0.246475264
27,28,21,0.004475173,-0.382345736,-0.235859677,0.895700216
28,29,13,0.003718640,0.330891252,0.804490328,0.525371969
28,29,16,0.006176326,-0.522151470,0.820754170,0.225097433
28,29,18,0.010540556,-0.985299110,-0.017258445,-0.174207374
28,29,20,0.010078022,-0.928429544,-0.009316590,0.375290722
28,29,14,0.005940200,-0.535063744,-0.794435322,0.287819266
28,29,17,0.005859377,0.520723403,0.711462557,0.481099486
28,29,19,0.023233289,0.014657577,0.973414004,0.230748028
28,29,21,0.015440847,-0.285825074,0.253572106,-0.924657404
29,30,13,0.003311685,0.140410826,0.990751266,0.037697412
29,30,16,0.006659272,-0.702187359,0.705746710,0.126695603
29,30,18,0.005027165,-0.801673889,-0.404648840,0.442580044
29,30,20,0.005859377,-0.664573133,-0.185239792,-0.734554112
29,30,14,0.005213419,-0.380508363,-0.925258636,-0.037209906
29,30,17,0.005609926,0.331276387,0.320532024,0.888710856
29,30,19,0.021294985,0.172177047,0.985482395,0.004397773
29,30,21,0.006623372,0.018530764,0.397130758,-0.920791149
30,31,13,0.004632244,-0.078412376,0.928843915,-0.378364205
30,31,16,0.003966816,-0.853134394,0.337242752,-0.390182883
30,31,18,0.012039890,-0.863150954,-0.386234432,0.330668241
30,31,20,0.009417636,-0.574144721,-0.456628948,0.679644823
30,31,14,0.005694291,-0.341113657,-0.935751438,0.077370755
30,31,17,0.005437272,0.711460888,0.227113754,0.671727538
30,31,19,0.022944149,-0.161076277,0.966619670,0.200125381
30,31,21,0.020865193,-0.692185581,0.431112051,-0.579234898
31,32,13,0.005348855,-0.150870904,0.935512781,-0.341286749
31,32,16,0.004784161,-0.399067551,-0.000509111,-0.921593904
31,32,18,0.019882185,-0.883700907,-0.463000834,0.075085513
31,32,20,0.022609176,-0.742699981,-0.367135584,0.560371935
31,32,14,0.005899927,-0.269922853,-0.899737298,0.343848705
31,32,17,0.005348855,0.712642729,-0.052895315,0.708260536
31,32,19,0.026466658,-0.326408058,0.942929983,0.065720670
31,32,21,0.019433426,-0.519939899,0.560764253,-0.644582331
32,33,13,0.008734647,0.022224177,0.705631256,-0.709048808
32,33,16,0.003009968,-0.776826322,0.551746607,0.372750849
32,33,18,0.018308982,-0.708933473,-0.705565035,0.016996954
32,33,20,0.016091114,-0.605347872,-0.769290507,0.204799324
32,33,14,0.007242385,-0.223500252,-0.818708718,0.531481266
32,33,17,0.005652266,0.960652232,-0.270699531,0.069846585
32,33,19,0.022985678,-0.073442049,0.996769369,0.043779578
32,33,21,0.012638868,0.078591257,0.819314539,-0.568695605
33,34,13,0.007469271,-0.279094011,0.877524495,-0.398275107
33,34,16,0.001691456,0.902788162,0.472486854,0.143685654
33,34,18,0.024453247,-0.700752258,-0.674172580,-0.232933268
33,34,20,0.029435162,-0.865153074,-0.499279469,0.049025554
33,34,14,0.007963631,-0.343400776,-0.844541550,0.416033089
33,34,17,0.006623372,0.975459337,-0.151063010,-0.158735901
33,34,19,0.024878558,-0.227180094,0.942142427,0.247700006
33,34,21,0.018230682,-0.480740935,0.694104493,-0.535990655
34,35,13,0.003718640,0.544152021,0.784720063,0.300166398
34,35,16,0.002847145,-0.762860000,0.417709589,-0.527525067
34,35,18,0.014761964,-0.440720946,-0.897952139,-0.004068010
34,35,20,0.007307929,-0.168071017,-0.933409691,-0.325110376
34,35,14,0.007903527,0.290696949,-0.938642800,-0.185367957
34,35,17,0.008228668,0.149760664,-0.978225887,0.145265594
34,35,19,0.032477483,0.116035692,0.993273258,0.008275282
34,35,21,0.004085255,0.644865632,0.600981236,-0.468637019
35,36,13,0.011534208,-0.511316240,0.357174963,-0.783154607
35,36,16,0.005694291,0.277194560,0.904892683,-0.335682362
35,36,18,0.019457947,-0.443039507,-0.896214247,-0.023905734
35,36,20,0.004784161,-0.894455910,-0.305393159,0.324091017
35,36,14,0.007209390,-0.270388156,-0.869288146,0.429341912
35,36,17,0.008950351,0.583017170,-0.812450707,0.068186432
35,36,19,0.031644572,-0.008001826,0.995958269,0.088496283
35,36,21,0.004312384,0.507049501,-0.811935008,0.293405771
36,37,13,0.013810706,-0.622169495,0.713490486,-0.321551651
36,37,16,0.008569308,-0.276124328,0.148745164,-0.954586744
36,37,18,0.025334392,-0.292258173,-0.906264544,0.305748165
36,37,20,0.010786499,-0.054613531,0.573068559,-0.819305360
36,37,14,0.008923673,-0.305673122,-0.945926905,0.134513736
36,37,17,0.004882814,0.269575506,-0.869725823,0.416961670
36,37,19,0.032108318,0.036841456,0.989725649,-0.140186504
36,37,21,0.016016860,0.735337913,-0.499329507,0.459236681
37,38,13,0.016928699,-0.484585673,0.808090508,-0.335205019
37,38,16,0.007532841,-0.404539794,-0.299710363,-0.866427481
37,38,18,0.027612945,-0.132076234,-0.980827868,0.142773688
37,38,20,0.006098633,-0.752455711,0.471355617,-0.462293208
37,38,14,0.010540556,-0.261636913,-0.966063619,0.057507176
37,38,17,0.005736008,0.690956831,-0.604873598,0.393841237
37,38,19,0.032660503,-0.027210526,0.984581053,-0.172532097
37,38,21,0.010653052,0.781516075,-0.420948505,0.462929547
38,39,13,0.013827959,-0.358144581,0.909834743,0.209646061
38,39,16,0.008170513,-0.302266181,-0.358541191,-0.885407686
38,39,18,0.029789433,0.097039364,-0.994802713,0.032978568
38,39,20,0.005027165,-0.792491138,0.565918624,-0.249427781
38,39,14,0.012563185,-0.294944674,-0.930752456,-0.219225571
38,39,17,0.005304093,0.306116074,-0.753556013,0.592552543
38,39,19,0.031989284,-0.007686387,0.990226567,-0.140517712
38,39,21,0.006403751,0.905712903,0.013270849,0.422976077
39,40,13,0.014890611,-0.448167473,0.834142685,0.322426707
39,40,16,0.010896455,0.347867370,-0.621375024,-0.702938139
39,40,18,0.026158575,0.246252015,-0.962274134,-0.116895869
39,40,20,0.004784161,-0.671122134,-0.443191767,0.590072393
39,40,14,0.012807519,-0.243850291,-0.967959464,0.054730874
39,40,17,0.005121138,0.220624253,-0.958651364,0.178093359
39,40,19,0.029813435,0.003352875,1.000059962,-0.002109514
39,40,21,0.006765827,-0.408696562,0.891511321,-0.200046614
40,41,13,0.010563151,-0.348175049,0.866385579,0.366151243
40,41,16,0.006137602,0.398010194,-0.377965808,-0.839835167
40,41,18,0.028505161,0.223773658,-0.967946649,-0.115317166
40,41,20,0.005074369,-0.598704994,-0.286006182,0.753737450
40,41,14,0.011960417,-0.253946364,-0.912594080,-0.323662102
40,41,17,0.009982944,0.195637062,-0.837486446,0.509810269
40,41,19,0.034096293,-0.040587720,0.991753757,-0.121139444
40,41,21,0.004632244,-0.403189838,0.601824462,0.687631547
41,42,13,0.013083775,-0.263645083,0.826676130,0.496999472
41,42,16,0.004367321,0.354522347,0.351544529,-0.878773093
41,42,18,0.033801317,0.264496863,-0.946721315,-0.183853328
41,42,20,0.009468134,-0.847815931,0.263432533,0.462113619
41,42,14,0.014550486,-0.404153615,-0.804270983,-0.435904264
41,42,17,0.014185419,0.176795051,-0.453472346,0.874250352
41,42,19,0.037765887,0.010342423,0.990089655,-0.140381113
41,42,21,0.000976562,-1.087772489,0.308531761,-0.276325226
42,43,13,0.013264748,-0.118847497,0.629170060,0.768679738
42,43,16,0.007176243,-0.431787550,0.425625324,-0.795404971
42,43,18,0.035974588,0.269226253,-0.959453881,-0.084053338
42,43,20,0.012391209,-0.599066138,0.795648217,0.107695654
42,43,14,0.014729626,-0.047289103,-0.728736460,-0.683603406
42,43,17,0.018721053,-0.190978125,-0.611464560,0.768488467
42,43,19,0.045023553,0.093378909,0.976508379,-0.194056541
42,43,21,0.008870076,0.073591314,-0.945677221,0.329027504
43,44,13,0.011005314,-0.019959336,0.726865411,0.687824845
43,44,16,0.006477786,-0.815518856,0.239013880,-0.529496610
43,44,18,0.040009946,0.300953448,-0.945530653,-0.125395134
43,44,20,0.016587242,-0.552663267,0.752672970,0.359426677
43,44,14,0.017860744,0.113377988,-0.789750695,-0.603398025
43,44,17,0.023243548,-0.145087689,-0.585529804,0.797452629
43,44,19,0.048378002,0.021080419,0.984991372,-0.171536073
43,44,21,0.010288736,-0.754637659,-0.637994111,-0.159655899
44,45,13,0.013999317,-0.082165949,0.639240265,0.765348852
44,45,16,0.007993514,-0.693036973,0.301868975,-0.659246325
44,45,18,0.048140839,0.311379641,-0.949574411,-0.039563738
44,45,20,0.021539895,-0.317846924,0.867416322,0.384276778
44,45,14,0.016829822,0.109185912,-0.791567564,-0.601744354
44,45,17,0.027010590,-0.171067134,-0.599924982,0.781628430
44,45,19,0.048239797,0.117395431,0.969698429,-0.214223281
44,45,21,0.009765634,0.019843137,-0.990864575,0.137815088
45,46,13,0.013862400,-0.090924494,0.548822463,0.831362128
45,46,16,0.007042096,-0.905857086,0.070078626,-0.423782468
45,46,18,0.050862372,0.340488374,-0.940187454,-0.013806988
45,46,20,0.020739118,-0.093328796,0.934401333,0.344596773
45,46,14,0.015822163,0.208634213,-0.900471926,-0.381856322
45,46,17,0.033688266,-0.125524595,-0.650690436,0.748822629
45,46,19,0.057730809,0.124773897,0.945308089,-0.301420689
45,46,21,0.012197280,-0.046428755,-0.915369272,0.401067138
46,47,13,0.013601968,-0.124913141,0.626041234,0.769613862
46,47,16,0.007307929,-0.957006514,-0.293431073,0.033460669
46,47,18,0.052681617,0.373936653,-0.927378297,-0.013140605
46,47,20,0.023650296,0.082523003,0.953096390,0.291055709
46,47,14,0.017152561,0.175932452,-0.984101653,-0.044760153
46,47,17,0.035981216,-0.017186308,-0.671972156,0.740402162
46,47,19,0.062257893,0.145407677,0.953136384,-0.265317053
46,47,21,0.007812505,-0.386875749,-0.904037774,0.196449295
47,48,13,0.103012115,-0.001567662,-0.941338360,-0.337517858
47,48,16,0.000000000,0.000000000,0.000000000,1.000000000
47,48,18,0.000000000,0.000000000,0.000000000,1.000000000
47,48,20,0.000000000,0.000000000,0.000000000,1.000000000
47,48,14,0.095197536,0.366303831,0.914101899,-0.174030647
47,48,17,0.000000000,0.000000000,0.000000000,1.000000000
47,48,19,0.000000000,0.000000000,0.000000000,1.000000000
47,48,21,0.000000000,0.000000000,0.000000000,1.000000000
48,49,13,0.015685957,0.205958113,0.596068859,0.776004970
48,49,16,0.014302588,-0.426472902,-0.876458704,0.227104679
48,49,18,0.044027507,0.563076437,-0.781317115,-0.269195586
48,49,20,0.024365336,-0.651511431,0.723453879,-0.228830993
48,49,14,0.028295280,-0.140969440,-0.981945217,0.126246229
48,49,17,0.043135725,0.094440140,-0.329047173,0.939652860
48,49,19,0.045092348,0.159638867,0.973522365,-0.163715243
48,49,21,0.030657209,-0.908146381,-0.233480453,0.347949058
49,50,13,0.014016338,0.315650523,0.750874043,0.580623269
49,50,16,0.016716106,-0.190928832,-0.972007692,-0.138309509
49,50,18,0.036409393,0.638703585,-0.766515553,-0.068498328
49,50,20,0.014319248,-0.064357854,0.631225884,-0.773492098
49,50,14,0.030336667,-0.199054241,-0.958612680,0.203414157
49,50,17,0.040748060,0.232089266,-0.261310190,0.936976373
49,50,19,0.029418956,0.290823400,0.948384166,0.127602324
49,50,21,0.040009946,-0.956002474,-0.047833394,0.289877146
50,51,13,0.008597085,0.605831087,0.729631782,0.315666616
50,51,16,0.013028991,-0.200597167,-0.946900606,-0.258173048
50,51,18,0.034527127,0.588741481,-0.803066850,-0.092824169
50,51,20,0.014599560,0.482270956,0.830652893,-0.280412197
50,51,14,0.021749187,0.024829019,-0.941192806,0.336823761
50,51,17,0.036474820,0.220543608,-0.461680621,0.859254599
50,51,19,0.023140745,0.188162386,0.960517406,0.206444800
50,51,21,0.043058269,-0.968718469,-0.026485631,0.246881321
51,52,13,0.010195623,0.068378367,0.998787642,0.014520271
51,52,16,0.015081525,-0.008682429,-0.990423501,-0.143426806
51,52,18,0.031802405,0.634445548,-0.715333998,-0.292656660
51,52,20,0.012275220,-0.404413432,0.896961808,-0.182263151
51,52,14,0.020990511,-0.039634738,-0.926568091,0.374833882
51,52,17,0.033624507,0.292667985,-0.479983598,0.826934636
51,52,19,0.021283787,0.354401022,0.892980933,0.277545571
51,52,21,0.032293428,-0.949343741,0.291271746,0.118369892
52,53,13,0.009442919,0.080410905,0.943512678,0.325571716
52,53,16,0.016179772,0.373579472,-0.927270174,0.024097830
52,53,18,0.022808660,0.404326946,-0.893277287,-0.197279617
52,53,20,0.010218981,-0.075675569,0.990149140,0.118756421
52,53,14,0.020001743,-0.103476442,-0.904102504,0.415422767
52,53,17,0.029612828,0.421302646,-0.396181136,0.815865040
52,53,19,0.025698805,0.236141816,0.904931664,-0.354567736
52,53,21,0.013689329,-0.789632380,0.505721509,0.348438799
53,54,13,0.010472478,0.216404498,0.928876400,0.308048785
53,54,16,0.005609926,-0.244125679,-0.795068979,-0.561158478
53,54,18,0.026520655,0.421855688,-0.903628767,0.073062748
53,54,20,0.005027165,-0.875938296,0.066564336,-0.479681134
53,54,14,0.009468134,0.192714825,-0.982424140,-0.035568420
53,54,17,0.022183349,0.260060221,-0.255850136,0.931139708
53,54,19,0.027335241,0.321233243,0.802639484,-0.502796888
53,54,21,0.008372285,-0.220808700,0.634032845,0.740231216
54,55,13,0.011799866,-0.047560170,0.999771953,-0.008885878
54,55,16,0.012619990,-0.596721292,-0.399348676,-0.696709573
54,55,18,0.028219342,0.606536627,-0.721292078,0.335013747
54,55,20,0.004882814,0.792034447,0.402170181,0.469775379
54,55,14,0.006440875,0.509504259,-0.855927408,-0.126122743
54,55,17,0.015807087,0.043079570,-0.092366405,0.995557189
54,55,19,0.027309062,0.436837941,0.709015906,-0.553684652
54,55,21,0.011451226,0.351435155,0.366875648,0.862400472
55,56,13,0.017152561,-0.053086750,0.984977663,-0.171153918
55,56,16,0.026267724,-0.585068285,-0.136314258,-0.799463093
55,56,18,0.033368256,0.580412924,-0.707005024,0.404455900
55,56,20,0.005348855,0.155525550,-0.089044131,0.988910019
55,56,14,0.009366867,0.648354828,-0.687812150,-0.326368511
55,56,17,0.013300648,-0.202749357,-0.053236943,0.979549646
55,56,19,0.021092491,0.493337095,0.832154870,-0.253316432
55,56,21,0.014185419,0.163982928,0.220109910,0.961853325
56,57,13,0.024109574,-0.156442225,0.959880710,-0.233078003
56,57,16,0.033681188,-0.478109181,-0.186598465,-0.858339489
56,57,18,0.035801850,0.502991319,-0.778362513,0.375887781
56,57,20,0.016914610,0.960048616,0.151937932,0.237286076
56,57,14,0.013654452,0.381967247,-0.921367705,-0.091895089
56,57,17,0.010381013,-0.268317729,-0.104223236,0.960196733
56,57,19,0.015716327,0.492952496,0.771811604,0.402295619
56,57,21,0.019810103,0.152073175,0.183731258,0.971095741
57,58,13,0.033631597,0.037313215,0.233270764,-0.971815169
57,58,16,0.048809800,-0.535883904,0.387911767,-0.749992132
57,58,18,0.049858607,0.666710019,-0.720798373,-0.189832062
57,58,20,0.023811050,0.894190371,0.110319130,0.433981836
57,58,14,0.025390796,0.991911888,0.122421995,-0.045751866
57,58,17,0.069880679,-0.626654744,-0.767831564,0.133136630
57,58,19,0.060070775,0.223501667,0.494169116,0.840114713
57,58,21,0.025372008,-0.520891964,0.702523112,0.485965252
58,59,13,0.025957279,0.132497460,0.970626950,-0.202366814
58,59,16,0.032965686,-0.341713518,-0.135903269,-0.930143178
58,59,18,0.036657397,0.645561934,-0.761459291,-0.062181663
58,59,20,0.010125226,-0.382579744,-0.788674593,0.481477380
58,59,14,0.020979149,0.736103535,-0.669220924,0.100087687
58,59,17,0.020449691,-0.213809624,-0.696247458,0.685166597
58,59,19,0.024993295,0.416199446,0.780646503,0.467041880
58,59,21,0.020899445,-0.555221140,0.406118423,0.725620627
59,60,13,0.029223802,0.181326941,0.949489415,-0.256506652
59,60,16,0.027681936,-0.162354469,-0.017854800,-0.986849070
59,60,18,0.034911700,0.621011376,-0.732372999,-0.279140860
59,60,20,0.017373538,-0.297371238,-0.916814148,0.266574621
59,60,14,0.021727251,0.603518486,-0.757824302,0.248628184
59,60,17,0.019810103,0.031032139,-0.549918592,0.834536254
59,60,19,0.021803930,0.479490697,0.675417900,0.560305774
59,60,21,0.011860328,-0.129281551,0.594864905,0.793763876
60,61,13,0.048530549,-0.013065277,0.998921514,0.046059866
60,61,16,0.053311516,0.511405468,-0.623264313,-0.591695547
60,61,18,0.009468134,0.079341181,-0.941039741,0.334908932
60,61,20,0.019580096,0.166486308,0.183474183,-0.969160140
60,61,14,0.045345452,-0.111850485,-0.903690219,0.413355052
60,61,17,0.073486812,0.869014263,0.304079652,0.390441626
60,61,19,0.032616671,0.005557273,0.058458786,-0.998224080
60,61,21,0.027785100,0.992549539,0.123131551,-0.021061759
61,62,13,0.030036526,0.190516725,0.981340170,0.027013844
61,62,16,0.033610322,0.180990547,0.002578060,-0.983500183
61,62,18,0.021137659,0.511982739,-0.484388530,-0.709545970
61,62,20,0.011616596,-0.026378173,-0.980498493,-0.195377827
61,62,14,0.024511678,0.222422585,-0.931246400,0.289710760
61,62,17,0.027793679,0.431266159,-0.080868430,0.898816049
61,62,19,0.013654452,0.149061531,0.327965111,0.933554709
61,62,21,0.006623372,0.543950021,0.829350889,0.156436592
62,63,13,0.030477807,0.253035963,0.966732383,0.037144534
62,63,16,0.034747403,0.234192938,-0.015008243,-0.972074509
62,63,18,0.017208071,0.457902402,-0.367840976,-0.810309589
62,63,20,0.011091632,0.361135423,-0.798536181,-0.481485009
62,63,14,0.026030658,0.122101709,-0.961907923,0.245743603
62,63,17,0.024830593,0.577463925,-0.031497583,0.815894902
62,63,19,0.015927294,0.224518701,-0.185023218,0.956716716
62,63,21,0.015440847,0.848032057,0.238600075,0.474643707
63,64,13,0.030186970,0.353320658,0.934914351,0.037143521
63,64,16,0.032857019,0.314155668,0.000204226,-0.949373424
63,64,18,0.015113110,0.595214307,-0.305910081,-0.743072569
63,64,20,0.010101652,0.048471294,-0.887441576,-0.457831204
63,64,14,0.023386715,0.235966608,-0.937400162,0.257259756
63,64,17,0.021294985,0.729002416,-0.118578762,0.674447238
63,64,19,0.013496388,0.215026513,-0.213225886,0.954069436
63,64,21,0.011779644,0.780583262,0.136771187,0.610644400
64,65,13,0.029483723,0.260779321,0.963061810,0.069600180
64,65,16,0.025726622,0.480845183,0.117916375,-0.868767977
64,65,18,0.023821061,0.571283340,-0.276756495,-0.773018301
64,65,20,0.018898509,-0.988278687,-0.145199418,0.054231927
64,65,14,0.017235760,0.402673125,-0.758844912,0.511960387
64,65,17,0.017414659,0.835687101,-0.210606590,0.509141028
64,65,19,0.009667485,0.236133322,-0.391294420,0.889692903
64,65,21,0.007933636,0.549180269,0.250771523,0.800122917
65,66,13,0.021858536,0.626928806,0.670801282,-0.397031426
65,66,16,0.012467936,0.776456475,0.353729099,-0.522557735
65,66,18,0.023130439,0.417229176,-0.006878528,-0.908864558
65,66,20,0.018554755,-0.821006954,-0.542671561,0.178834125
65,66,14,0.016165029,0.842336774,-0.287049204,0.457372010
65,66,17,0.015807087,0.435375303,-0.755623996,0.490501076
65,66,19,0.003382912,0.500415444,-0.250629485,-0.822884500
65,66,21,0.017012993,0.732000053,-0.092318669,0.675687194
66,67,13,0.055464167,0.373549998,0.912720859,-0.165911585
66,67,16,0.086455956,0.899116993,-0.422940969,0.112817660
66,67,18,0.000000000,0.000000000,0.000000000,1.000000000
66,67,20,0.000000000,0.000000000,0.000000000,1.000000000
66,67,14,0.069925025,0.448785335,-0.751367807,0.483805329
66,67,17,0.098031588,0.740277886,0.561361313,-0.369954467
66,67,19,0.081958473,-0.808208346,-0.093111843,-0.581480145
66,67,21,0.103130139,0.466701269,-0.883803725,0.033456340
67,68,13,0.018936319,0.547568500,0.516309857,-0.658706069
67,68,16,0.018073065,0.907545090,-0.211223379,-0.364095151
67,68,18,0.020167934,-0.050658647,0.432671249,-0.900532603
67,68,20,0.022343986,-0.099498101,-0.961416602,0.257014930
67,68,14,0.007501123,0.461353272,-0.890503407,-0.001265417
67,68,17,0.027776517,0.857955456,-0.503957391,-0.099463761
67,68,19,0.010896455,-0.844518065,-0.374073267,-0.383113623
67,68,21,0.015128877,0.997368336,-0.004967598,-0.068697348
68,69,13,0.007842964,-0.094855644,0.743005574,-0.663135171
68,69,16,0.025652375,0.788394094,-0.181677878,-0.588570416
68,69,18,0.020727618,0.026164262,0.440418333,-0.897318184
68,69,20,0.017605288,-0.329454988,-0.923060060,-0.197589621
68,69,14,0.013931027,0.270505816,-0.862628579,0.428081930
68,69,17,0.031772401,0.273712844,-0.682255328,-0.678054929
68,69,19,0.016544065,-0.126812860,0.129784495,0.983996272
68,69,21,0.004882814,0.637249112,0.142143250,0.756823719
69,70,13,0.004085255,-0.234455973,0.813817978,-0.539517999
69,70,16,0.020085011,0.771015763,-0.349224865,-0.533213556
69,70,18,0.026619364,0.133622617,0.118192822,-0.983947039
69,70,20,0.033009052,-0.687262297,-0.461014450,0.561221004
69,70,14,0.014954520,0.111588992,-0.951369524,-0.288716823
69,70,17,0.030858753,0.337435573,-0.753429711,-0.564381599
69,70,19,0.022912953,-0.138960734,0.242731810,0.960162461
69,70,21,0.006098633,-0.963173032,0.206277147,-0.210656881
70,71,13,0.007873303,0.334927231,0.471297055,-0.819930255
70,71,16,0.015301248,0.777753294,-0.594805360,-0.207701862
70,71,18,0.030430833,0.113131739,-0.102563754,-0.988217354
70,71,20,0.027673321,-0.857832432,0.059352152,0.511225283
70,71,14,0.018243756,0.211062819,-0.917624474,-0.338298142
70,71,17,0.027836539,0.381269157,-0.805979013,-0.452796161
70,71,19,0.020635391,-0.129986286,0.412130088,0.902190328
70,71,21,0.015034024,-0.952563763,-0.306680799,-0.006165046
71,72,13,0.017124739,0.191236168,0.531637847,-0.824962616
71,72,16,0.011534208,0.103975669,-0.367222130,-0.923931599
71,72,18,0.026789002,0.048485175,-0.088807173,-0.994854748
71,72,20,0.010697719,-0.822306454,0.507088840,-0.266888946
71,72,14,0.022075608,0.578609407,-0.803353071,-0.140850097
71,72,17,0.026475666,-0.023369219,-0.639527857,-0.768655419
71,72,19,0.023427458,-0.218858689,0.299410462,0.928754926
71,72,21,0.010449687,-0.546736181,-0.349970728,0.762141883
72,73,13,0.023161342,0.165978402,0.448733777,-0.878560781
72,73,16,0.012000219,0.074094780,-0.076490104,-0.996041477
72,73,18,0.020085011,0.236776173,0.163419425,-0.958168745
72,73,20,0.003164425,0.579172492,0.470925301,-0.688967466
72,73,14,0.020025568,0.719248176,-0.660147607,0.218478873
72,73,17,0.029516052,0.008500732,-0.330312341,-0.943745732
72,73,19,0.015378959,-0.189043880,0.293539166,0.937957704
72,73,21,0.007405156,0.333091587,-0.723238826,0.611951232
73,74,13,0.020542750,0.271799535,0.697742343,-0.663421988
73,74,16,0.017012993,-0.298004121,-0.052300956,-0.953265965
73,74,18,0.013948130,0.119053505,0.721852243,-0.683358729
73,74,20,0.011678006,-0.062078625,0.886338651,0.458016902
73,74,14,0.008457285,0.893869877,-0.451281995,-0.031246126
73,74,17,0.021858536,0.374413013,0.357865304,-0.855840921
73,74,19,0.009959033,-0.295802116,-0.941078603,0.170881182
73,74,21,0.014484794,0.582402468,-0.782207489,0.225190729
74,75,13,0.016223919,0.412848681,0.513327122,-0.753192306
74,75,16,0.023780990,-0.281938314,0.437805891,-0.853653073
74,75,18,0.012138498,0.081892997,0.939764321,-0.331810892
74,75,20,0.005694291,0.850107670,-0.071851477,-0.524258614
74,75,14,0.007564425,0.604549527,0.499246716,-0.625487030
74,75,17,0.011346646,0.383695066,0.470267296,-0.796108007
74,75,19,0.012371953,-0.233836412,-0.835495651,0.496600300
74,75,21,0.013931027,0.713085115,-0.657511294,0.246470883
75,76,13,0.015316822,0.434745222,0.340968400,-0.833445549
75,76,16,0.020073136,-0.091770373,0.705745220,-0.702286601
75,76,18,0.010896455,-0.343769878,0.800222695,-0.494359046
75,76,20,0.005393244,-0.830209315,0.522540569,0.222431228
75,76,14,0.009056276,0.759526730,0.643089294,-0.110203788
75,76,17,0.013531673,0.030830529,-0.230610073,-0.972406566
75,76,19,0.015002273,-0.098112501,-0.199943900,0.975489676
75,76,21,0.011005314,0.418534338,-0.844230413,0.339062929
76,77,13,0.017428344,0.321736276,0.651304722,-0.687991679
76,77,16,0.012000219,0.104769558,0.925916612,-0.366232157
76,77,18,0.010265537,-0.454846084,0.569488347,-0.688662589
76,77,20,0.008199642,-0.770485997,0.328826874,-0.545435309
76,77,14,0.008170513,0.781231165,0.433301836,0.449682564
76,77,17,0.019701486,0.158516064,0.022167111,-0.987381935
76,77,19,0.014168602,-0.037169106,-0.168188572,0.985291660
76,77,21,0.015223140,0.393762201,-0.704421461,0.590830088
77,78,13,0.015113110,0.272845805,0.762215972,-0.588507712
77,78,16,0.011840208,0.154561803,0.985890269,0.069900922
77,78,18,0.007903527,-0.209824204,-0.009507512,-0.977189898
77,78,20,0.007176243,-0.508732438,-0.478437811,-0.715862632
77,78,14,0.011005314,0.753414273,0.394978493,0.526763737
77,78,17,0.021283787,-0.081209868,-0.051596835,-0.995565414
77,78,19,0.016297232,0.072395347,0.047322839,0.996081710
77,78,21,0.009667485,0.200271204,-0.688182592,0.699512422
78,79,13,0.015207469,0.232562512,0.889225662,-0.394694626
78,79,16,0.009667485,0.015170168,0.944495142,0.332149893
78,79,18,0.005859377,-0.521085143,-0.252362281,-0.820808470
78,79,20,0.010983629,-0.570735157,0.821967840,0.008586717
78,79,14,0.011430386,0.678166866,0.349764109,0.645654261
78,79,17,0.024715099,-0.003924263,0.245832652,-0.969580352
78,79,19,0.016914610,0.084055461,-0.067496255,0.993989706
78,79,21,0.008141281,-0.273376852,-0.716086268,0.640951574
79,80,13,0.016442876,0.152726591,0.962949574,-0.222895339
79,80,16,0.012467936,-0.187425092,0.966362953,0.176188186
79,80,18,0.004784161,-0.230159804,0.127930522,-0.964350760
79,80,20,0.005121138,0.285820186,-0.942683816,-0.161347091
79,80,14,0.010630648,0.355143487,0.866980135,0.351907104
79,80,17,0.020945027,0.253320187,0.557831705,-0.790696800
79,80,19,0.018399913,-0.294899851,-0.420258790,0.858433843
79,80,21,0.003382912,0.422822118,-0.128231302,-0.900180519
80,81,13,0.109778278,-0.190045223,-0.548805892,-0.814060450
80,81,16,0.094873786,-0.356249630,0.934351683,0.010091910
80,81,18,0.000000000,0.000000000,0.000000000,1.000000000
80,81,20,0.000000000,0.000000000,0.000000000,1.000000000
80,81,14,0.060344052,0.235073894,0.916080952,-0.324831218
80,81,17,0.101383030,-0.537396669,-0.816377819,-0.211535424
80,81,19,0.054584462,-0.377959341,0.461502075,0.802610636
80,81,21,0.058060303,0.913680434,-0.383229375,-0.135958359
81,82,13,0.011616596,-0.079851799,0.828109086,-0.556449056
81,82,16,0.014761964,-0.439552009,0.779615939,0.446021467
81,82,18,0.005777424,-0.859739661,0.523132801,-0.005256422
81,82,20,0.010172212,0.913802743,-0.151717618,-0.379292041
81,82,14,0.009341379,-0.062236521,0.953685343,0.298266649
81,82,17,0.017699832,-0.125622824,0.872972965,-0.471802086
81,82,19,0.014842499,-0.292262405,-0.601507425,0.744227707
81,82,21,0.016428370,0.933878005,-0.157188371,-0.321050763
82,83,13,0.013336451,-0.017873617,0.879554570,-0.475809634
82,83,16,0.013083775,-0.527919888,0.593731284,0.607175767
82,83,18,0.005736008,-0.329981416,0.740212679,0.582851470
82,83,20,0.005121138,0.358603507,-0.243185982,-0.900325716
82,83,14,0.007873303,-0.134194195,0.631393433,0.763488531
82,83,17,0.021869441,-0.026279856,0.969775140,-0.242312416
82,83,19,0.011575474,-0.136500493,-0.866900325,0.480048925
82,83,21,0.007720409,0.694903016,-0.123411641,-0.711958408
83,84,13,0.010608196,-0.042748086,0.698827803,-0.716288388
83,84,16,0.011596054,-0.837789297,0.264024764,0.477691472
83,84,18,0.009468134,-0.116034888,0.647607267,0.755325258
83,84,20,0.006623372,0.343724847,0.418282419,-0.842119515
83,84,14,0.007595878,-0.479501784,0.527066767,0.700266182
83,84,17,0.017967219,-0.153519720,0.971345782,-0.180482700
83,84,19,0.010517912,0.007954393,-0.999152064,-0.048593760
83,84,21,0.007751229,0.866423130,-0.342213094,-0.363440543
84,85,13,0.010195623,0.081907988,0.632051766,-0.771227300
84,85,16,0.009838604,-0.867290378,0.194805980,0.460372299
84,85,18,0.010030596,-0.041700024,0.569050372,0.822401106
84,85,20,0.005818545,0.701836407,-0.047077984,-0.714398682
84,85,14,0.008485430,-0.004604686,0.684616148,0.728475034
84,85,17,0.016601611,-0.216645405,0.975185633,0.053003646
84,85,19,0.013156462,-0.031569760,-0.864539623,-0.501832008
84,85,21,0.009468134,0.940850079,-0.117234148,-0.323603392
85,86,13,0.013654452,-0.040262654,-0.951975048,0.306168169
85,86,16,0.032352440,-0.902904451,0.231191561,-0.362745941
85,86,18,0.000000000,0.000000000,0.000000000,1.000000000
85,86,20,0.000000000,0.000000000,0.000000000,1.000000000
85,86,14,0.033645775,-0.702329159,0.565406799,-0.432356924
85,86,17,0.036317598,-0.434217155,-0.285240948,0.854414344
85,86,19,0.058175184,0.859140098,-0.416737556,0.297120601
85,86,21,0.096684173,-0.232981741,0.972433805,-0.011243589
86,87,13,0.029917220,-0.126372844,0.868754625,-0.479434103
86,87,16,0.021716274,0.684581101,-0.602096856,0.411528528
86,87,18,0.000000000,0.000000000,0.000000000,1.000000000
86,87,20,0.000000000,0.000000000,0.000000000,1.000000000
86,87,14,0.033311047,0.657241166,-0.404040307,0.636185586
86,87,17,0.049072888,0.168174013,0.801133871,-0.574416995
86,87,19,0.059672501,-0.869202852,-0.040648784,-0.492797136
86,87,21,0.099550217,0.386686742,-0.922078252,-0.016258651
87,88,13,0.000000000,0.000000000,0.000000000,1.000000000
87,88,16,0.015776891,0.083624676,-0.257098734,-0.963096261
87,88,18,0.076989226,0.941018283,0.003068395,0.338340759
87,88,20,0.000000000,0.000000000,0.000000000,1.000000000
87,88,14,0.106029056,-0.540589452,-0.788487971,0.293380678
87,88,17,0.047667984,-0.244891956,-0.532626390,0.810139596
87,88,19,0.091516107,-0.656422973,-0.390536219,-0.645445168
87,88,21,0.119974293,-0.766054749,0.628336251,0.135479406
88,89,13,0.008707309,-0.617606223,0.654251814,-0.436275542
88,89,16,0.007812505,0.314920425,-0.948322296,0.025367737
88,89,18,0.004931400,0.456746668,0.351336688,0.819730282
88,89,20,0.026913315,-0.755695105,0.379752755,0.533978939
88,89,14,0.004421575,-0.524310648,-0.071405917,0.855726302
88,89,17,0.007532841,0.523782372,0.853931904,-0.013862951
88,89,19,0.012601083,-0.332499832,-0.525713623,-0.784191966
88,89,21,0.005859377,0.760526836,-0.066956840,-0.650314331
89,90,13,0.003653963,-0.710206270,0.665326953,-0.245949179
89,90,16,0.005524273,0.493200421,-0.834842741,-0.278155714
89,90,18,0.004312384,0.701864600,0.385206342,0.604279637
89,90,20,0.008734647,0.513577878,0.366546422,-0.775160968
89,90,14,0.003588120,-0.546016395,-0.114349246,0.837867558
89,90,17,0.006659272,0.583482027,-0.240136445,0.782155216
89,90,19,0.010940129,-0.255369872,-0.247730628,-0.934563279
89,90,21,0.004312384,0.706287146,-0.337898403,0.637455285
90,91,13,0.007109486,-0.258441329,0.943077207,0.226463839
90,91,16,0.009692116,0.494777888,-0.869291961,0.035164636
90,91,18,0.004367321,0.933562458,-0.261811674,0.269091755
90,91,20,0.013931027,0.097329691,-0.050098091,-0.994863629
90,91,14,0.009366867,-0.305769235,-0.610697210,0.729870439
90,91,17,0.008597085,0.947611213,-0.201851517,0.264516145
90,91,19,0.010334978,-0.212649703,-0.090231277,-0.973994255
90,91,21,0.005694291,0.726175606,0.271426022,0.633926690
91,92,13,0.011155932,-0.414061904,0.703179061,-0.581122816
91,92,16,0.024686143,0.759040654,-0.497781992,0.420366824
91,92,18,0.008372285,-0.107214652,-0.547930181,0.831160486
91,92,20,0.011739094,0.864768982,0.029399538,-0.501309395
91,92,14,0.022237023,-0.431133568,-0.623847783,0.652146399
91,92,17,0.023212755,0.984469473,-0.170669436,-0.041434791
91,92,19,0.017767055,-0.283670872,0.239380315,-0.928878963
91,92,21,0.007501123,0.784115911,-0.153831542,0.602803111
92,93,13,0.005777424,-0.053062007,0.813002825,-0.592061877
92,93,16,0.021528823,0.568926334,-0.747335613,0.343494624
92,93,18,0.013174572,0.097911052,-0.053921148,0.993792772
92,93,20,0.016515218,0.932318807,-0.331558138,0.147119492
92,93,14,0.025154945,-0.559283078,-0.643588483,0.522734165
92,93,17,0.023770964,0.881773531,0.023754209,0.471729219
92,93,19,0.023549268,-0.061106980,0.199278265,-0.978089035
92,93,21,0.007405156,0.827775121,-0.364790231,0.438485593
93,94,13,0.009366867,0.776644707,-0.411163032,-0.478451133
93,94,16,0.012352667,0.212093979,-0.967411876,0.148299322
93,94,18,0.016829822,-0.196620062,0.292160183,0.935932994
93,94,20,0.018399913,0.773557901,-0.524321198,-0.356541097
93,94,14,0.017767055,-0.602448821,-0.695360422,0.391350329
93,94,17,0.026076416,0.533369958,-0.059328109,0.843884230
93,94,19,0.027664704,-0.024105094,0.208533704,-0.977844715
93,94,21,0.009543378,0.867640793,-0.391598225,0.317454427
94,95,13,0.013083775,0.736060917,-0.531158507,-0.422251642
94,95,16,0.005121138,-0.690307438,-0.286400318,-0.662058234
94,95,18,0.010358021,-0.428851098,0.362813771,0.826759040
94,95,20,0.018046662,0.891615629,-0.451626092,-0.045649808
94,95,14,0.006291066,-0.827257752,-0.567428350,0.039004125
94,95,17,0.021573076,0.306784570,-0.274998784,0.911340714
94,95,19,0.017482979,-0.489352733,0.074407533,-0.869107068
94,95,21,0.012807519,0.947090268,-0.256571680,-0.195678487
95,96,13,0.007307929,0.801829576,-0.449372351,-0.404386759
95,96,16,0.007751229,-0.574819028,0.773364365,-0.271146744
95,96,18,0.005027165,-0.731342554,-0.680962563,-0.078780621
95,96,20,0.015837224,0.726925015,-0.162106082,0.668039322
95,96,14,0.005258951,-0.652728200,0.698333681,-0.308382452
95,96,17,0.012937172,0.350402474,-0.247463316,0.903988004
95,96,19,0.014890611,-0.714392900,-0.265996665,-0.648061752
95,96,21,0.017180339,0.860794961,-0.484797508,0.159901217
96,97,13,0.003088162,0.225233167,-0.964941442,-0.234439746
96,97,16,0.009741190,0.207693800,0.829858899,0.522242308
96,97,18,0.008170513,-0.579486012,-0.808236599,-0.130290434
96,97,20,0.008789070,0.515098631,0.616679311,0.596283615
96,97,14,0.004734064,-0.458954245,0.842346430,0.284046888
96,97,17,0.006870729,0.752167225,0.298405975,0.591446340
96,97,19,0.010961900,-0.185643509,-0.218441248,-0.958355963
96,97,21,0.012973978,0.322630465,-0.806807578,0.496040165
97,98,13,0.004784161,0.060023915,0.528315544,0.844921172
97,98,16,0.011513518,0.818816304,-0.042489041,0.572752714
97,98,18,0.007176243,-0.216462463,-0.211064324,0.959633052
97,98,20,0.007903527,-0.135140315,0.591767550,-0.797978163
97,98,14,0.014680986,-0.402484804,0.323826164,0.856369317
97,98,17,0.012638868,0.980922699,0.178419948,-0.093819857
97,98,19,0.016194502,0.050059963,-0.284517407,-0.958347678
97,98,21,0.006939784,0.193782404,-0.734083652,0.654757142
98,99,13,0.007176243,0.334306657,-0.709325910,0.625134349
98,99,16,0.006765827,0.890312552,-0.339499205,0.323675931
98,99,18,0.011430386,-0.479308337,0.437516689,0.760695755
98,99,20,0.011900464,0.310641170,0.421968788,-0.852805078
98,99,14,0.009838604,-0.718529582,0.073815964,0.694699228
98,99,17,0.011283433,0.531991243,0.025770672,0.846789837
98,99,19,0.014874591,0.350951105,-0.152005151,-0.924040556
98,99,21,0.003311685,-0.669884861,-0.491953909,0.574199319
99,100,13,0.012059676,0.633532345,-0.703879416,0.320228368
99,100,16,0.004085255,0.369943500,-0.887941897,-0.302761137
99,100,18,0.012099151,-0.430568546,0.697348773,0.573786378
99,100,20,0.010101652,0.839937210,0.162257880,-0.520631552
99,100,14,0.004256738,-0.452500015,-0.019122284,0.895357192
99,100,17,0.012059676,-0.001739136,-0.343599558,0.939674675
99,100,19,0.008569308,0.566016018,-0.192441061,-0.803402424
99,100,21,0.004475173,-0.806710839,0.571188748,-0.177754894
100,101,13,0.013999317,0.623931408,-0.770330131,0.132563218
100,101,16,0.006366411,-0.552249670,-0.815507650,-0.196267948
100,101,18,0.012099151,-0.311277449,0.858511865,0.409685761
100,101,20,0.012973978,0.697299302,-0.014655549,-0.718250394
100,101,14,0.003653963,-0.666758418,-0.745796800,0.070828147
100,101,17,0.012844697,-0.456769288,-0.581647277,0.674906909
100,101,19,0.005980202,0.821623445,-0.505832434,0.262733847
100,101,21,0.007933636,-0.730331302,0.623764813,0.292109370
101,102,13,0.012863245,0.670873463,-0.723385453,0.163297147
101,102,16,0.009814342,-0.343633741,-0.933269978,0.116964258
101,102,18,0.011759386,-0.325477332,0.821684837,0.470436931
101,102,20,0.009366867,0.788599193,0.114709571,-0.609386325
101,102,14,0.003782211,-0.534410536,-0.560238421,0.628508806
101,102,17,0.008679884,-0.574180961,-0.781073093,0.259716511
101,102,19,0.006176326,0.700794458,-0.623827398,0.355393171
101,102,21,0.013282711,-0.898338974,0.433892876,0.065581024
102,103,13,0.013425540,0.497976065,-0.858755052,-0.119067095
102,103,16,0.010874554,-0.212389246,-0.904521286,0.369008124
102,103,18,0.012467936,-0.487087756,0.820329010,0.300458610
102,103,20,0.009134914,0.829647660,0.197383940,-0.526158869
102,103,14,0.005736008,-0.701739371,-0.698797524,0.168131486
102,103,17,0.008923673,-0.491500884,-0.859901428,0.148088768
102,103,19,0.004882814,0.828428626,-0.378227621,0.427752674
102,103,21,0.011799866,-0.903855324,0.394222826,-0.173686609
103,104,13,0.011005314,0.417477041,-0.891240656,-0.179196298
103,104,16,0.012487044,-0.046218339,-0.870813906,0.490459383
103,104,18,0.015791995,-0.596460581,0.783535421,0.177467018
103,104,20,0.008896915,0.866443872,-0.070135020,-0.497979730
103,104,14,0.005980202,-0.448972225,-0.667517722,0.595792353
103,104,17,0.006939784,-0.737748981,-0.494401425,-0.464819312
103,104,19,0.004528135,0.753501534,-0.625781298,0.249281019
103,104,21,0.009468134,-0.881156623,0.423308253,-0.211654127
104,105,13,0.008789070,0.161159098,-0.952408373,-0.262539357
104,105,16,0.009543378,-0.226241246,-0.952919900,0.206846908
104,105,18,0.020449691,-0.662603140,0.745427489,0.072650596
104,105,20,0.007993514,0.850457668,-0.527154326,-0.061517436
104,105,14,0.004475173,-0.810257018,-0.324082822,0.515370607
104,105,17,0.009642791,-0.661396325,-0.168676823,-0.732863784
104,105,19,0.005348855,0.002089396,-0.550225258,0.842091918
104,105,21,0.007933636,-0.787347376,0.366412044,-0.500956953
105,106,13,0.006514487,0.496060967,-0.859864116,-0.128244773
105,106,16,0.009315821,-0.174686670,-0.969031215,0.179511726
105,106,18,0.024326162,-0.632143378,0.769107223,-0.097751833
105,106,20,0.014067275,0.416662365,-0.833294451,0.365960866
105,106,14,0.004632244,-0.977640808,-0.239157259,-0.024364313
105,106,17,0.007142943,-0.293821156,0.542269826,-0.790763378
105,106,19,0.007501123,-0.116666637,-0.797202706,0.591084599
105,106,21,0.008257591,0.004988347,0.334181398,-0.942209303
106,107,13,0.007595878,0.816509783,-0.432349145,-0.388056517
106,107,16,0.010381013,-0.115935780,-0.836209655,0.538514435
106,107,18,0.029337799,-0.667570472,0.733300745,-0.128623471
106,107,20,0.014235753,0.367763519,-0.924066901,0.106617652
106,107,14,0.007109486,-0.911284566,-0.411319941,-0.070164219
106,107,17,0.010218981,0.569260955,0.723350048,-0.389685690
106,107,19,0.007564425,-0.425680906,-0.902785838,0.051943343
106,107,21,0.009642791,0.725666821,-0.002491825,-0.688173175
107,108,13,0.009543378,0.743479908,-0.147607014,-0.657424450
107,108,16,0.016442876,-0.147924781,-0.715323925,0.683693409
107,108,18,0.030703837,-0.622383654,0.781452239,-0.046610031
107,108,20,0.014599560,0.453050315,-0.861577511,-0.232312977
107,108,14,0.010449687,-0.969197869,-0.230060861,0.092538379
107,108,17,0.020426359,0.752311468,0.577185929,-0.318366796
107,108,19,0.013896756,-0.390399992,-0.632503569,-0.668991327
107,108,21,0.012695334,0.948945582,-0.234957203,-0.213985756
108,109,13,0.014468325,0.838102579,-0.146208823,-0.526840329
108,109,16,0.017332319,-0.230402201,-0.677667260,0.698266745
108,109,18,0.029394634,-0.545986831,0.836950362,0.039180830
108,109,20,0.019371985,0.412612140,-0.731431305,-0.544583201
108,109,14,0.009593214,-0.983336449,-0.179864809,0.025331279
108,109,17,0.020179752,0.887966990,0.414941430,-0.199324414
108,109,19,0.015776891,-0.315329671,-0.639010966,-0.701572537
108,109,21,0.013174572,0.991677701,0.071694858,-0.115587212
109,110,13,0.013138329,0.816719055,-0.288441539,-0.500872910
109,110,16,0.013047278,-0.357278258,-0.648826301,0.673162580
109,110,18,0.024666818,-0.379696339,0.908129573,0.177190736
109,110,20,0.019149166,0.319079697,-0.534961462,-0.782411873
109,110,14,0.005609926,-0.763943017,0.508480728,0.403627694
109,110,17,0.012410435,0.912484586,0.236834690,-0.336464405
109,110,19,0.013028991,-0.118943661,-0.703389585,-0.700874925
109,110,21,0.008513481,0.808982253,0.587269604,-0.000880403
110,111,13,0.009003469,0.756403744,-0.254423201,-0.603788018
110,111,16,0.011155932,-0.155183047,-0.650907576,0.742945075
110,111,18,0.018230682,-0.345357627,0.873916686,0.343471944
110,111,20,0.017900746,0.172131121,-0.507874191,-0.843979895
110,111,14,0.009568328,-0.989752412,0.139699176,-0.018638289
110,111,17,0.013461011,0.961290419,0.260321170,0.092570841
110,111,19,0.014729626,-0.186169520,-0.753060102,-0.631048799
110,111,21,0.009417636,0.654396653,0.559431136,0.516009092
111,112,13,0.016016860,-0.518368781,-0.851319909,-0.087009564
111,112,16,0.013965214,-0.148742884,0.909175277,-0.391140431
111,112,18,0.011451226,-0.421714216,0.642301261,0.642096639
111,112,20,0.012391209,0.745900929,0.169713363,-0.644965172
111,112,14,0.011739094,0.316898912,0.907201588,0.279135674
111,112,17,0.019310348,-0.984206617,-0.153364033,-0.093427643
111,112,19,0.012582148,0.499086738,-0.549006522,0.671953082
111,112,21,0.006870729,-0.454053909,0.891920269,0.027287714
112,113,13,0.011980334,-0.241088316,-0.722313285,-0.649434626
112,113,16,0.020876616,-0.631274998,0.768860817,-0.104818016
112,113,18,0.011960417,0.878291965,0.446953386,0.169578522
112,113,20,0.003521047,-0.931481898,-0.163425535,0.330640852
112,113,14,0.019870190,0.362004548,0.928970337,0.079636417
112,113,17,0.020716112,-0.932057321,-0.307109237,0.194201186
112,113,19,0.012788890,0.463232726,-0.816013575,0.347526133
112,113,21,0.009765634,-0.315681577,0.941056907,0.132879645
113,114,13,0.014501245,0.072072946,-0.761118710,-0.644777894
113,114,16,0.019260898,-0.796501100,0.605619550,-0.015312106
113,114,18,0.012314004,0.365467966,0.620440960,0.693673313
113,114,20,0.010358021,-0.207273319,-0.820042789,0.536539733
113,114,14,0.020472994,0.374457568,0.922655225,0.093675472
113,114,17,0.016787270,-0.991845965,-0.130376145,-0.015193004
113,114,19,0.016843984,0.084892243,-0.985152066,-0.152568996
113,114,21,0.015002273,-0.125920177,0.991848171,0.038652815
114,115,13,0.024550555,0.474975556,-0.880366027,0.002404784
114,115,16,0.021705292,-0.867786050,0.494825751,0.049065974
114,115,18,0.019470196,0.090981096,0.500690997,0.861131907
114,115,20,0.017332319,-0.046949998,-0.997183800,-0.061623849
114,115,14,0.031899720,0.465783954,0.869216323,-0.165799424
114,115,17,0.026797902,-0.983518183,0.179583579,0.022522703
114,115,19,0.026833465,0.128395811,-0.974172592,-0.185498819
114,115,21,0.027785100,-0.438945144,0.898661256,-0.007528110
115,116,13,0.039674819,0.332552493,-0.866805732,0.371866077
115,116,16,0.021727251,-0.836552978,0.459788322,0.298456043
115,116,18,0.021639286,-0.292644352,0.462858707,0.836807013
115,116,20,0.020332767,-0.172131270,-0.948025942,0.267473996
115,116,14,0.040548623,0.231423557,0.914020598,-0.333592772
115,116,17,0.032004189,-0.962491989,0.244394839,0.118563600
115,116,19,0.028160136,0.045623451,-0.981190860,-0.187215254
115,116,21,0.029345926,-0.557324827,0.817388535,-0.147159919
116,117,13,0.047225744,0.097377330,-0.911861002,0.398758233
116,117,16,0.027990289,-0.484087884,0.303066134,0.821065605
116,117,18,0.018006984,-0.515488327,0.605341136,0.606454313
116,117,20,0.023212755,-0.356688857,-0.731526911,0.581557810
116,117,14,0.045403253,-0.058471508,0.952751219,-0.298080981
116,117,17,0.025837595,-0.952925026,0.238886818,-0.187148243
116,117,19,0.025587231,-0.208048433,-0.891969144,-0.402538389
116,117,21,0.023841070,-0.476707906,0.749456823,-0.459784836
117,118,13,0.039026480,-0.089137241,-0.937496841,0.336621344
117,118,16,0.040742207,-0.125072613,0.006629698,0.992169559
117,118,18,0.023335686,-0.791855156,0.608093143,0.057013229
117,118,20,0.029305274,-0.235777110,-0.300851941,0.924010932
117,118,14,0.039020371,-0.130708039,0.981263399,-0.142178372
117,118,17,0.025145466,-0.444248170,0.572892904,-0.689089835
117,118,19,0.033153202,-0.412314892,-0.553446889,-0.723574817
117,118,21,0.012525172,0.117908262,0.656738341,-0.745911658
118,119,13,0.030851027,-0.227275565,-0.925430357,0.303259820
118,119,16,0.043772232,-0.022603864,-0.048235174,0.998633683
118,119,18,0.029620878,-0.732590675,0.680889010,-0.003225165
118,119,20,0.015761772,0.106640831,-0.435686201,0.894129157
118,119,14,0.031410132,-0.265892595,0.963636041,0.027497342
118,119,17,0.031569134,-0.250974178,0.703693211,-0.664905787
118,119,19,0.033289567,-0.368944615,-0.605131090,-0.705501795
118,119,21,0.010830616,0.822275758,0.438437849,-0.367369562
119,120,13,0.025577910,-0.405115604,-0.852089286,0.331671655
119,120,16,0.039044805,-0.047277756,-0.135711491,0.989629030
119,120,18,0.038048934,-0.621811688,0.759908020,0.190191671
119,120,20,0.010786499,0.257113636,-0.843103051,-0.472017944
119,120,14,0.028227789,-0.448501825,0.891931772,0.058341283
119,120,17,0.034815956,-0.089643404,0.828001976,-0.553852797
119,120,19,0.033396825,-0.345451891,-0.645242274,-0.681378543
119,120,21,0.018282920,0.872513294,0.304758549,-0.383456677
120,121,13,0.023325466,-0.347365588,-0.832829237,0.431507230
120,121,16,0.032536160,-0.217638627,-0.127878249,0.967734158
120,121,18,0.042427912,-0.534117639,0.721705437,0.440250188
120,121,20,0.023529010,0.507235050,-0.493094414,-0.707228065
120,121,14,0.029337799,-0.317935675,0.930724561,-0.180989161
120,121,17,0.034877535,-0.236132413,0.880369604,-0.411400378
120,121,19,0.034644324,-0.308954388,-0.659677684,-0.685055614
120,121,21,0.017605288,0.918007135,0.383719563,0.098982029
121,122,13,0.023376519,-0.409568071,-0.770002067,0.489833236
121,122,16,0.024820989,-0.105627209,-0.081237718,0.991133571
121,122,18,0.038910225,-0.501881421,0.549689889,0.667810082
121,122,20,0.012826121,0.734902442,-0.643866122,-0.215393662
121,122,14,0.032286044,-0.139521092,0.942107379,-0.304769158
121,122,17,0.036192644,-0.289469868,0.826923430,-0.481974334
121,122,19,0.027552437,-0.202123806,-0.710829198,-0.673844457
121,122,21,0.019616593,0.769589007,0.318425000,-0.554126263
122,123,13,0.019322691,-0.457402140,-0.672613204,0.581415951
122,123,16,0.021760147,-0.141091362,0.007263015,0.990294814
122,123,18,0.040495668,-0.564283550,0.428705454,0.705679774
122,123,20,0.005567265,0.271621972,-0.737614572,-0.627204359
122,123,14,0.033066787,-0.044039808,0.928569019,-0.368558735
122,123,17,0.040905744,-0.265694737,0.821430206,-0.504676580
122,123,19,0.026176799,-0.262500167,-0.789685965,-0.554374993
122,123,21,0.023099495,0.481102020,0.365162998,-0.797336638
123,124,13,0.016829822,-0.581127942,-0.564712286,0.587026060
123,124,16,0.027664704,0.019572921,0.208394378,0.977986991
123,124,18,0.037045602,-0.582626879,0.204704389,0.786610067
123,124,20,0.012525172,0.267722428,0.145474330,-0.953012109
123,124,14,0.030672759,-0.186315417,0.942495525,-0.278342247
123,124,17,0.045518644,-0.264531136,0.818160057,-0.510460317
123,124,19,0.029035546,-0.320506483,-0.810089409,-0.490821421
123,124,21,0.021362057,0.812319875,0.164260149,-0.559419692
124,125,13,0.013741479,-0.791245580,-0.354383647,0.499634951
124,125,16,0.027767932,-0.049205661,0.128422782,0.990566790
124,125,18,0.031697270,-0.635723114,0.078233659,0.768177807
124,125,20,0.007109486,0.250770956,0.827526093,0.506661713
124,125,14,0.026708782,-0.211677179,0.957888067,-0.195327714
124,125,17,0.048358280,-0.204390123,0.796367407,-0.569199979
124,125,19,0.031508658,-0.385588557,-0.704086185,-0.596394658
124,125,21,0.022226300,0.959689796,-0.120094277,-0.254629999
125,126,13,0.014369112,-0.686620414,-0.522958219,0.505839169
125,126,16,0.027247880,-0.227883399,0.293773383,0.928435981
125,126,18,0.029321542,-0.594048619,-0.025212139,0.804078758
125,126,20,0.006623372,0.640523911,0.421560913,-0.643316686
125,126,14,0.026249563,-0.276102513,0.941331744,-0.195201904
125,126,17,0.044254381,-0.264023870,0.765714526,-0.586472392
125,126,19,0.028253118,-0.388833165,-0.674188972,-0.627941549
125,126,21,0.019371985,0.908781946,-0.163940877,-0.384762883
126,127,13,0.014906614,-0.664049089,-0.655641258,0.359443337
126,127,16,0.020449691,-0.425711036,0.187544420,0.885593712
126,127,18,0.028303707,-0.562291443,0.076816931,0.823244631
126,127,20,0.012544193,0.839951754,0.054197717,-0.541201770
126,127,14,0.020693080,-0.192445874,0.929765940,-0.313960105
126,127,17,0.036027569,-0.319451034,0.647441328,-0.692005873
126,127,19,0.017874088,-0.507316470,-0.490151256,-0.708535969
126,127,21,0.015972139,0.912112653,-0.129527703,-0.390283167
127,128,13,0.014906614,-0.360006124,-0.796686590,0.486973941
127,128,16,0.021013217,-0.519010901,0.253019154,0.816715181
127,128,18,0.023427458,-0.465449870,-0.083090216,0.881769896
127,128,20,0.010101652,0.872024596,0.133268684,-0.476272553
127,128,14,0.020600699,-0.038748391,0.817696333,-0.574462652
127,128,17,0.029313410,-0.498247236,0.626631796,-0.599268377
127,128,19,0.016658956,-0.379783124,0.034853425,-0.925235808
127,128,21,0.015425399,0.936707377,-0.280072719,-0.212506846
128,129,13,0.016900508,-0.461624593,-0.572216749,0.677585065
128,129,16,0.015144628,-0.508193195,-0.062798224,0.859680355
128,129,18,0.015670750,-0.538835168,-0.249392852,0.804897785
128,129,20,0.005859377,-0.496084601,-0.005557696,0.872974098
128,129,14,0.016900508,-0.287593484,0.522927046,-0.802784979
128,129,17,0.021137659,-0.500225365,0.595913529,-0.628725350
128,129,19,0.016544065,-0.273439705,0.640855074,-0.717295051
128,129,21,0.013931027,0.741509020,-0.269256085,-0.614859879
129,130,13,0.018771928,0.092873387,-0.333292544,0.938076138
129,130,16,0.016223919,-0.506252527,0.208101451,0.837478638
129,130,18,0.020979149,-0.227405682,-0.855248034,0.466263324
129,130,20,0.010786499,-0.740239680,0.130968317,0.660576582
129,130,14,0.018784624,0.020644171,0.338629991,-0.940615237
129,130,17,0.018086253,-0.649729013,0.483954281,-0.586192906
129,130,19,0.025079004,-0.252075106,0.888638616,-0.383596718
129,130,21,0.017208071,0.322140157,-0.283290237,-0.903745711
130,131,13,0.017208071,-0.345405221,-0.052825447,0.937477708
130,131,16,0.009642791,-0.794451416,-0.086360455,0.600432336
130,131,18,0.022819111,-0.092922695,-0.943181276,0.318948954
130,131,20,0.012732838,-0.834419966,0.536052763,0.130832329
130,131,14,0.014664738,-0.151627317,0.122376531,-0.981105506
130,131,17,0.015065708,-0.691118896,0.145690426,-0.709014356
130,131,19,0.031334132,-0.105296262,0.959914446,-0.260170788
130,131,21,0.014451837,0.714729846,-0.669102788,-0.202906296
131,132,13,0.014615881,-0.381959349,0.198891416,0.903479874
131,132,16,0.007532841,-0.988849938,0.038038053,0.178954318
131,132,18,0.026771197,-0.013655876,-0.949708879,0.312857956
131,132,20,0.009134914,-0.857015550,0.515222192,-0.033320390
131,132,14,0.012314004,-0.067663386,-0.073604524,-0.995981276
131,132,17,0.012695334,-0.699144244,-0.008623123,-0.716677129
131,132,19,0.033780150,-0.020046139,0.982806981,-0.183927953
131,132,21,0.016150273,0.827226281,-0.528591156,0.192981601
132,133,13,0.012563185,-0.420050263,0.503812432,0.756520271
132,133,16,0.009003469,-0.955175221,0.146411806,-0.255709887
132,133,18,0.032667801,-0.052288730,-0.944034517,0.325483412
132,133,20,0.013300648,-0.909271359,0.403706670,-0.101717785
132,133,14,0.010742201,0.117934138,-0.324756026,-0.939369917
132,133,17,0.011840208,-0.712688744,-0.007184990,-0.702684104
132,133,19,0.033117224,0.062379129,0.996133506,-0.061640974
132,133,21,0.017940659,0.934552133,-0.352165729,0.063831151
133,134,13,0.012216812,-0.414594889,0.590295136,0.694845915
133,134,16,0.011799866,-0.861094952,-0.192506164,-0.471253335
133,134,18,0.025531260,0.118630268,-0.907445729,0.403454512
133,134,20,0.003588120,-0.539178133,0.577909708,-0.624349415
133,134,14,0.009392286,0.239532426,-0.459129661,-0.854978085
133,134,17,0.009417636,-0.866286457,0.290957153,-0.410138309
133,134,19,0.027612945,0.231202632,0.963428020,-0.135105819
133,134,21,0.020013658,0.994888663,-0.085483022,-0.062875234
134,135,13,0.007842964,-0.456709385,0.752760649,0.473341942
134,135,16,0.006019938,-0.816940486,-0.206708565,-0.552866220
134,135,18,0.031554028,0.367182195,-0.857037604,0.361266404
134,135,20,0.011091632,0.371632516,0.693013668,-0.619430423
134,135,14,0.005818545,0.635573685,-0.094074816,-0.764796495
134,135,17,0.010540556,-0.801429808,0.166934863,-0.577680051
134,135,19,0.006440875,-0.664767861,0.334342331,-0.670921803
134,135,21,0.012732838,-0.788726747,-0.176089555,0.591764688
135,136,13,0.006477786,-0.594372272,0.566348791,0.573175669
135,136,16,0.007812505,-0.649322033,-0.715911150,-0.267406464
135,136,18,0.017874088,0.216250435,-0.784461260,0.581035733
135,136,20,0.015957205,0.135488510,0.743478179,-0.654563725
135,136,14,0.004475173,0.872037053,0.038179435,-0.504985213
135,136,17,0.010381013,-0.653939962,-0.222982496,-0.726787806
135,136,19,0.011472028,-0.686488569,-0.600971937,-0.410759598
135,136,21,0.023599837,-0.451243669,-0.166935146,0.876538217
136,137,13,0.008141281,-0.978163898,-0.190018848,0.096620910
136,137,16,0.009341379,-0.161613405,-0.983563781,-0.113753036
136,137,18,0.007307929,0.817453504,0.466283321,0.343972772
136,137,20,0.018360998,0.655745864,0.519225121,-0.547869861
136,137,14,0.002762136,0.945639074,-0.265071303,0.278411955
136,137,17,0.014067275,-0.181273624,-0.523485780,-0.833247066
136,137,19,0.010786499,-0.033411447,-0.999032736,0.028799422
136,137,21,0.017027000,-0.369069427,-0.391499758,0.843175411
137,138,13,0.010742201,0.636326194,-0.543687642,0.549283087
137,138,16,0.007008158,-0.831271350,-0.341995955,0.438519955
137,138,18,0.013083775,0.481486857,0.511566699,0.711281359
137,138,20,0.022514068,0.778974831,0.426794589,-0.460094869
137,138,14,0.007242385,0.713846505,0.614102364,-0.336269706
137,138,17,0.011219864,-0.534382522,-0.512369931,-0.674075484
137,138,19,0.017847391,0.101479143,-0.983576953,-0.148984641
137,138,21,0.023801034,-0.279745996,-0.478364468,0.832692683
138,139,13,0.010265537,0.278571755,-0.945800245,0.174108937
138,139,16,0.009814342,-0.593416572,-0.802640498,-0.049785264
138,139,18,0.030020645,0.274884105,0.897869408,0.344080299
138,139,20,0.036376636,0.745055079,0.283206314,-0.604012728
138,139,14,0.007501123,0.759493291,0.627929032,0.185431197
138,139,17,0.017346069,-0.325687498,-0.645113707,-0.691540062
138,139,19,0.026322128,0.205181032,-0.978249550,0.033463441
138,139,21,0.030982131,-0.302148014,-0.306923777,0.902552843
139,140,13,0.013461011,0.440938890,-0.892997503,0.096259333
139,140,16,0.012275220,-0.700756013,-0.639426231,-0.316339523
139,140,18,0.047245938,0.144353837,0.952576220,0.267832458
139,140,20,0.040730502,0.576059043,0.290650964,-0.763990939
139,140,14,0.011005314,0.785929501,0.613435328,0.099684089
139,140,17,0.019604433,-0.481296033,-0.670209229,-0.565108955
139,140,19,0.032219511,0.134186327,-0.957529724,-0.254946917
139,140,21,0.038879577,-0.117842503,-0.013526111,0.993063807
140,141,13,0.011960417,0.627639353,-0.774964869,0.083939575
140,141,16,0.013282711,-0.579099774,-0.280699193,-0.766091287
140,141,18,0.050942007,0.293471187,0.913547397,0.281765133
140,141,20,0.044248991,0.732446313,0.256964356,-0.630603731
140,141,14,0.010808580,0.839499533,0.519738972,-0.166968897
140,141,17,0.016179772,-0.630156577,-0.751268089,-0.195160612
140,141,19,0.040371832,0.301464498,-0.905373752,-0.299177915
140,141,21,0.035013992,-0.049161833,-0.146216422,0.988086641
141,142,13,0.006730496,0.956155598,-0.044180207,-0.286922693
141,142,16,0.020461345,-0.449635506,0.079434343,-0.889632106
141,142,18,0.040229838,0.551808298,0.803894460,0.222490668
141,142,20,0.038503669,0.724837780,0.208810195,-0.656790555
141,142,14,0.009493281,0.901013851,-0.253288180,-0.358570367
141,142,17,0.021092491,-0.536201835,-0.658577383,0.528604090
141,142,19,0.038971458,0.347598076,-0.875223875,-0.336719662
141,142,21,0.033001829,0.204790920,0.006593699,0.978878736
142,143,13,0.014285908,0.491677850,0.683003366,-0.543340027
142,143,16,0.028887359,-0.188306570,0.456673563,-0.869645417
142,143,18,0.033117224,0.908870459,0.410446078,0.074288599
142,143,20,0.043257162,0.936053514,-0.001069178,-0.351794869
142,143,14,0.012099151,0.546054065,-0.836286128,0.064558066
142,143,17,0.032455452,-0.287620008,-0.576865196,0.764471591
142,143,19,0.031112682,0.384636939,-0.841452301,-0.379582375
142,143,21,0.029394634,0.519498825,-0.101352639,0.848513067
143,144,13,0.029709289,0.128216803,0.695122659,-0.707756877
143,144,16,0.036054034,0.023798492,0.571137488,-0.820550442
143,144,18,0.042562574,0.973930299,0.216687039,0.066897802
143,144,20,0.059235331,0.985801756,-0.167021677,0.018608738
143,144,14,0.026673051,0.239140511,-0.671145916,0.702209890
143,144,17,0.033589035,-0.054258127,-0.792935073,0.606955647
143,144,19,0.031020585,0.538501203,-0.814857900,-0.214123279
143,144,21,0.022053998,0.595582306,0.423381239,-0.682740748
144,145,13,0.042986222,0.002590817,0.718457758,-0.695691764
144,145,16,0.047225744,0.017150475,0.585069418,-0.810939193
144,145,18,0.041930456,0.872524142,0.480074853,0.091359571
144,145,20,0.067130722,0.847924709,-0.254133463,0.465263873
144,145,14,0.037238188,0.135234401,-0.687199533,0.714186013
144,145,17,0.042652112,0.034386199,-0.789399743,0.613035977
144,145,19,0.041507524,0.314442724,-0.936312973,-0.156675816
144,145,21,0.059915762,0.232788116,0.370644689,-0.899106383
145,146,13,0.052404791,-0.003161951,0.727028728,-0.686608493
145,146,16,0.056448538,0.064975910,0.609716415,-0.790027559
145,146,18,0.039794829,0.459859490,0.887329519,0.034771409
145,146,20,0.082924664,0.578114867,-0.320415378,0.750413775
145,146,14,0.045691181,0.108693086,-0.712972343,0.692861140
145,146,17,0.052677091,0.135666072,-0.797995746,0.587241828
145,146,19,0.055369504,0.106644377,-0.992141604,-0.065078199
145,146,21,0.089211985,0.171495527,0.316552162,-0.932947755
146,147,13,0.055772845,-0.022016803,0.742336810,-0.669702470
146,147,16,0.066398531,0.085715041,0.639512241,-0.764015377
146,147,18,0.050585024,0.168922693,0.984543860,-0.047985941
146,147,20,0.093491100,0.508844376,-0.285655081,0.812089920
146,147,14,0.046835363,0.066773362,-0.733679116,0.676272094
146,147,17,0.062521614,0.163529918,-0.842768371,0.512856066
146,147,19,0.067622684,0.136992738,-0.989530504,-0.044996846
146,147,21,0.084047318,0.304365546,0.144218430,-0.941579819
147,148,13,0.060584620,0.036945261,0.777192593,-0.628201425
147,148,16,0.068348750,0.056123130,0.624023080,-0.779403567
147,148,18,0.064957112,0.146107972,0.983610034,-0.105626203
147,148,20,0.080077522,0.473040491,-0.161071524,0.866215408
147,148,14,0.053512409,0.136417910,-0.778558314,0.612702489
147,148,17,0.062334452,0.238023430,-0.852702737,0.465102375
147,148,19,0.077007808,0.293862194,-0.955817699,0.006385179
147,148,21,0.074116908,0.428627163,0.087722309,-0.899256885
148,149,13,0.062712029,0.099610254,0.780235112,-0.617544353
148,149,16,0.068707168,0.103356518,0.661982417,-0.742414534
148,149,18,0.076498248,0.263593614,0.954007864,-0.142835110
148,149,20,0.060859509,0.556411684,0.030973423,0.830327153
148,149,14,0.055528615,0.183199495,-0.787579656,0.588385999
148,149,17,0.060945649,0.241150603,-0.884984493,0.398438394
148,149,19,0.085944116,0.339776158,-0.940075517,0.029108386
148,149,21,0.047982082,0.572930753,0.040093508,-0.818748415
149,150,13,0.056300495,0.179320753,0.826445878,-0.533691943
149,150,16,0.068960071,0.034212492,0.658753097,-0.751572132
149,150,18,0.092196390,0.369188875,0.920217514,-0.130244538
149,150,20,0.039312579,0.891593814,0.351586908,0.285472214
149,150,14,0.052048676,0.202466398,-0.822161138,0.532004476
149,150,17,0.057829853,0.132221282,-0.857374191,0.497470170
149,150,19,0.093192145,0.399193853,-0.915010512,-0.058603082
149,150,21,0.035828479,0.901325345,-0.256115526,-0.349333495
150,151,13,0.047028422,0.245183021,0.895618021,-0.371257037
150,151,16,0.069504291,-0.070281774,0.581398249,-0.810609221
150,151,18,0.105907507,0.374355584,0.920210123,-0.114461519
150,151,20,0.041696656,0.867104590,0.430170387,-0.251248688
150,151,14,0.042780496,0.244607627,-0.892158449,0.379773110
150,151,17,0.052699719,-0.018672451,-0.710774899,0.703236043
150,151,19,0.100717396,0.334543854,-0.928194761,-0.163022384
150,151,21,0.032536160,0.864231110,-0.501544416,0.041560441
151,152,13,0.039740868,0.304659545,0.911249816,-0.277657270
151,152,16,0.065509096,-0.113776386,0.523038268,-0.844735861
151,152,18,0.113346919,0.323769033,0.937556267,-0.127265424
151,152,20,0.044619251,0.819906771,0.459438950,-0.341788858
151,152,14,0.036624860,0.270043939,-0.913937211,0.303216845
151,152,17,0.048190344,-0.110130712,-0.550426841,0.827559292
151,152,19,0.100352027,0.197284386,-0.952986419,-0.230040297
151,152,21,0.028936839,0.622336447,-0.768038213,-0.151098311
152,153,13,0.050197009,0.677287400,0.694682717,-0.242452994
152,153,16,0.062119856,-0.397954345,0.351806968,-0.847266495
152,153,18,0.107172482,0.173730284,0.984384894,-0.028476408
152,153,20,0.076563686,0.701135576,0.124226764,-0.702151000
152,153,14,0.051002819,0.341708630,-0.925803483,0.161901161
152,153,17,0.047752943,-0.557930052,-0.022164490,0.829592526
152,153,19,0.102754772,0.237811148,-0.934935868,-0.263335079
152,153,21,0.053042475,0.884889245,-0.461859137,0.060508303
153,154,13,0.037218973,0.341414034,0.911384821,-0.229915693
153,154,16,0.057166316,-0.178549707,0.340344220,-0.923246622
153,154,18,0.090261795,0.365807444,0.927116632,0.081817500
153,154,20,0.068561241,0.707309127,0.522715747,-0.475944161
153,154,14,0.038441695,0.110985219,-0.967111528,0.228923053
153,154,17,0.045920219,-0.350477219,-0.205024987,0.913903177
153,154,19,0.077977203,-0.073387243,-0.888636231,-0.452747762
153,154,21,0.031372156,0.614766955,-0.788714528,0.025046572
154,155,13,0.040958170,0.036182608,0.966020286,-0.255949885
154,155,16,0.047607921,-0.108192563,0.324615002,-0.939687729
154,155,18,0.051892683,0.376604974,0.918949187,0.117219843
154,155,20,0.046809901,0.432321846,0.853766501,-0.290369332
154,155,14,0.042061038,-0.058959246,-0.934302032,0.351825655
154,155,17,0.039614674,-0.085224248,-0.341338784,0.936280549
154,155,19,0.039896555,-0.367504090,-0.716520727,-0.592987895
154,155,21,0.019918127,-0.075838991,-0.997168720,-0.003516555
155,156,13,0.048702210,-0.073744878,0.924734116,-0.373376608
155,156,16,0.032907773,-0.090331212,0.435372263,-0.895877242
155,156,18,0.004312384,0.428614765,0.349113792,0.844142616
155,156,20,0.030858753,0.024568489,0.922662675,-0.384641945
155,156,14,0.047240891,-0.109739847,-0.881877244,0.458654255
155,156,17,0.031951997,0.119189210,-0.408860803,0.905042648
155,156,19,0.023770964,-0.940597951,0.110173717,-0.321504772
155,156,21,0.020565949,-0.551979959,-0.742398262,0.380936474
156,157,13,0.052089892,-0.123165555,0.894230723,-0.430294812
156,157,16,0.020073136,0.079123944,0.544279456,-0.835891187
156,157,18,0.025615169,-0.172351450,-0.985195458,0.005068520
156,157,20,0.024840193,-0.633669078,-0.144028902,-0.760125160
156,157,14,0.049102034,-0.138939828,-0.834537923,0.533246398
156,157,17,0.023264056,0.382551014,-0.333879113,0.861869514
156,157,19,0.018112598,-0.749196112,0.655563831,0.099219941
156,157,21,0.023920940,-0.183356375,-0.144103736,0.972708642
157,158,13,0.045139913,-0.154559448,0.862427950,-0.481994569
157,158,16,0.013300648,0.479991496,0.411606073,-0.775863707
157,158,18,0.032130588,0.026743749,-0.998969495,-0.035510749
157,158,20,0.041467294,-0.293333083,-0.435614556,-0.851134598
157,158,14,0.040742207,-0.162807286,-0.777357280,0.607842267
157,158,17,0.019689381,0.588662267,-0.037124291,0.807570219
157,158,19,0.006440875,-0.019569768,0.977263570,0.223551944
157,158,21,0.045324411,0.183088720,-0.108720198,0.977070451
158,159,13,0.030438667,-0.229035422,0.839054465,-0.493618041
158,159,16,0.014697217,0.739745080,-0.076563358,-0.669216633
158,159,18,0.029019117,0.494703233,-0.861795962,-0.112540215
158,159,20,0.037461616,0.096997850,-0.314676553,-0.944254339
158,159,14,0.027212856,-0.211902276,-0.685398996,0.696565092
158,159,17,0.019470196,0.602780759,0.320401013,0.730533600
158,159,19,0.012657718,0.931233346,-0.364169270,0.045787618
158,159,21,0.052862354,0.342533767,-0.257403404,0.903611064
159,160,13,0.014970454,-0.602736115,0.745632470,-0.283657610
159,160,16,0.021047229,0.647305012,-0.494908273,-0.580166817
159,160,18,0.027853664,0.910874128,-0.364221901,-0.194339469
159,160,20,0.030446500,0.506435931,0.208184078,-0.836812615
159,160,14,0.016076291,-0.445382714,-0.468436003,0.763456762
159,160,17,0.019482438,0.420967728,0.649246752,0.634541214
159,160,19,0.023325466,0.864552796,-0.492717177,0.097796857
159,160,21,0.052649923,0.393460482,-0.432836920,0.811135173
160,161,13,0.009716684,-0.894676864,-0.439496040,0.106788337
160,161,16,0.023680521,0.693119943,-0.618164480,-0.371717542
160,161,18,0.022010712,0.955063760,0.069658287,-0.287647992
160,161,20,0.035967957,0.632982135,0.371690035,-0.679110706
160,161,14,0.008429048,-0.582629979,0.139017224,0.801038265
160,161,17,0.017221920,0.576870561,0.688304543,0.439652503
160,161,19,0.032704275,0.975391090,-0.125642210,0.182434931
160,161,21,0.056528740,0.310857207,-0.447109044,0.838725805
161,162,13,0.015378959,-0.549689829,-0.835078776,-0.032129854
161,162,16,0.023710707,0.779867887,-0.617332637,0.102778479
161,162,18,0.021617237,0.940741599,-0.171884224,-0.293333381
161,162,20,0.031809900,0.560056150,0.440190673,-0.701885283
161,162,14,0.010242285,-0.209661230,0.726444721,0.657562733
161,162,17,0.018541900,0.878933430,0.420560151,-0.225928769
161,162,19,0.051643956,0.918106973,0.297185540,0.262199223
161,162,21,0.054588832,0.294033706,-0.350953698,0.889073789
162,163,13,0.015238794,-0.373405278,-0.894234657,-0.248705417
162,163,16,0.025828365,0.627306759,-0.587178051,0.511615932
162,163,18,0.025938902,0.637185991,-0.761097431,-0.120445587
162,163,20,0.021495573,0.785350740,0.152689740,-0.600067735
162,163,14,0.010495219,-0.330584258,0.748991489,0.574442327
162,163,17,0.023690587,0.788442969,0.265165001,-0.554845989
162,163,19,0.061467700,0.811604202,0.540969908,0.220557928
162,163,21,0.043978740,0.640299678,-0.147689268,0.753899455
163,164,13,0.014826427,-0.523512244,-0.786051035,-0.328142464
163,164,16,0.028705204,0.503860354,-0.498814881,0.705391526
163,164,18,0.034506403,0.128900260,-0.990885496,0.039578632
163,164,20,0.013741479,0.808240771,-0.452683061,0.376962781
163,164,14,0.010242285,-0.605993390,0.519612074,0.603857756
163,164,17,0.023990609,0.575574040,0.314282805,-0.754864991
163,164,19,0.047276206,0.497171223,0.856186450,0.140863910
163,164,21,0.022471668,0.966924429,0.218156651,0.132064119
164,165,13,0.013010680,-0.381615400,-0.845579326,-0.373016447
164,165,16,0.029797437,0.405752808,-0.519431353,0.752204359
164,165,18,0.041473042,-0.124877848,-0.983361661,0.132688046
164,165,20,0.028571999,0.108489357,-0.439315140,0.891915321
164,165,14,0.010101652,-0.712648630,0.425423950,0.561487794
164,165,17,0.022996048,0.385433912,0.383842587,-0.839050412
164,165,19,0.036461744,-0.149791896,0.988007545,-0.035704356
164,165,21,0.032835241,0.034149732,0.448006392,-0.893291652
165,166,13,0.011840208,-0.312847912,-0.911092639,-0.276064724
165,166,16,0.031089682,0.395315111,-0.564427733,0.725076735
165,166,18,0.040701222,-0.246501058,-0.959337473,0.138881609
165,166,20,0.041708093,-0.050315231,-0.475007236,0.878592074
165,166,14,0.010288736,-0.807574332,0.401300877,0.433791965
165,166,17,0.023579622,0.268346339,0.497247994,-0.825484216
165,166,19,0.034644324,-0.684162319,0.718153358,-0.127853453
165,166,21,0.058220252,-0.212955892,0.438751221,-0.873019040
166,167,13,0.011960417,-0.262921661,-0.963858366,0.062069487
166,167,16,0.029909249,0.400953203,-0.623336315,0.671243966
166,167,18,0.036014333,-0.127775073,-0.980735421,0.148045272
166,167,20,0.035614889,-0.059661400,-0.483300567,0.873335361
166,167,14,0.010742201,-0.826568246,0.533881128,0.185463652
166,167,17,0.022311950,0.209710911,0.606803000,-0.767540991
166,167,19,0.028846061,-0.754886150,0.587303221,-0.292989552
166,167,21,0.052404791,-0.046608444,0.402975142,-0.914020181
167,168,13,0.012371953,-0.345405757,-0.857719064,0.381125927
167,168,16,0.027001761,0.383566350,-0.710439444,0.589882016
167,168,18,0.029829426,-0.062764026,-0.981775045,0.179762363
167,168,20,0.022850435,0.050229132,-0.544658959,0.837346852
167,168,14,0.010517912,-0.699080169,0.701606035,-0.135259286
167,168,17,0.019470196,0.353020251,0.639124930,-0.684319556
167,168,19,0.021683313,-0.642740905,0.688256383,-0.338523149
167,168,21,0.035406746,-0.161045164,0.377621353,-0.911787331
168,169,13,0.013210717,-0.430047691,-0.817308426,0.384905815
168,169,16,0.025306143,0.414545238,-0.714057148,0.564464092
168,169,18,0.024647480,0.010122630,-0.986717284,0.163763374
168,169,20,0.012371953,0.098073065,-0.815843940,0.572666824
168,169,14,0.009392286,-0.698982418,0.629371226,-0.345439076
168,169,17,0.017632352,0.370904207,0.697810829,-0.614077806
168,169,19,0.015081525,-0.417949647,0.852727652,-0.315035582
168,169,21,0.015160363,-0.169271931,0.400070012,-0.901223719
169,170,13,0.011262283,-0.172065809,-0.981212020,0.090733230
169,170,16,0.020910850,0.285003453,-0.662286460,0.693546712
169,170,18,0.026249563,0.192828313,-0.954996347,0.226589188
169,170,20,0.005304093,-0.602680504,-0.553580999,-0.582501292
169,170,14,0.009315821,-0.177960694,0.928637803,-0.336002648
169,170,17,0.012676540,0.217545003,0.709371805,-0.671794355
169,170,19,0.012563185,-0.189801097,0.929426253,-0.318889916
169,170,21,0.005567265,-0.631441236,0.225912258,0.748890519
